#{"t_start": 1658417775.9753768, "env_id": null}
r,l,t
15.0,199,0.412291
14.0,199,0.412387
15.0,199,0.412399
10.0,199,0.412406
15.0,199,0.962465
15.0,199,0.962528
11.0,199,0.962539
16.0,199,0.962547
17.0,199,1.475905
13.0,199,1.475973
13.0,199,1.475984
15.0,199,1.475991
12.0,199,1.996004
13.0,199,1.996071
15.0,199,1.996082
12.0,199,1.996093
13.0,199,2.548159
14.0,199,2.54823
15.0,199,2.548242
12.0,199,2.54825
17.0,199,3.127779
13.0,199,3.127839
13.0,199,3.127854
13.0,199,3.127862
16.0,199,3.720179
12.0,199,3.720242
11.0,199,3.720253
16.0,199,3.720261
12.0,199,4.283057
14.0,199,4.283131
10.0,199,4.283143
12.0,199,4.283152
11.0,199,4.882786
11.0,199,4.882851
11.0,199,4.882863
13.0,199,4.882884
16.0,199,5.453096
12.0,199,5.453161
12.0,199,5.453173
12.0,199,5.453181
11.0,199,6.012353
11.0,199,6.012419
11.0,199,6.01243
13.0,199,6.012439
12.0,199,6.534682
12.0,199,6.534759
10.0,199,6.53477
14.0,199,6.534779
13.0,199,7.072737
10.0,199,7.072807
13.0,199,7.07282
11.0,199,7.072828
11.0,199,7.592684
13.0,199,7.592754
11.0,199,7.592766
9.0,199,7.592775
12.0,199,8.122375
11.0,199,8.122441
11.0,199,8.122453
12.0,199,8.122461
9.0,199,8.637289
15.0,199,8.637364
15.0,199,8.63738
10.0,199,8.637388
7.0,199,9.14363
13.0,199,9.1437
11.0,199,9.143712
11.0,199,9.14372
14.0,199,9.65343
12.0,199,9.653501
10.0,199,9.653513
11.0,199,9.653521
10.0,199,10.166974
12.0,199,10.167037
11.0,199,10.167048
11.0,199,10.167057
13.0,199,10.716249
7.0,199,10.71632
10.0,199,10.716334
12.0,199,10.716345
8.0,199,11.335872
11.0,199,11.335943
11.0,199,11.335955
13.0,199,11.335964
13.0,199,11.875559
13.0,199,11.875632
13.0,199,11.875644
10.0,199,11.875652
13.0,199,12.422989
9.0,199,12.423059
11.0,199,12.42307
13.0,199,12.423079
13.0,199,12.937769
10.0,199,12.937832
12.0,199,12.937843
8.0,199,12.937852
14.0,199,13.444544
12.0,199,13.444608
14.0,199,13.444619
10.0,199,13.444628
9.0,199,13.976408
11.0,199,13.97648
9.0,199,13.976493
11.0,199,13.976502
10.0,199,14.512825
12.0,199,14.512895
12.0,199,14.512906
14.0,199,14.512914
12.0,199,15.087598
14.0,199,15.087668
8.0,199,15.08768
9.0,199,15.087689
12.0,199,15.619157
11.0,199,15.619212
12.0,199,15.619224
10.0,199,15.619232
13.0,199,16.206234
11.0,199,16.206294
10.0,199,16.206305
11.0,199,16.206314
11.0,199,16.896046
12.0,199,16.896119
7.0,199,16.896132
10.0,199,16.896141
11.0,199,17.42301
13.0,199,17.423082
10.0,199,17.423093
11.0,199,17.423102
11.0,199,17.956009
9.0,199,17.956083
12.0,199,17.956094
12.0,199,17.956103
13.0,199,18.465431
13.0,199,18.465495
11.0,199,18.465512
9.0,199,18.465521
14.0,199,18.970869
12.0,199,18.970934
9.0,199,18.970945
11.0,199,18.970954
10.0,199,19.478391
11.0,199,19.478465
12.0,199,19.478476
11.0,199,19.478485
9.0,199,19.982856
11.0,199,19.982917
9.0,199,19.982929
9.0,199,19.982937
11.0,199,20.487341
12.0,199,20.487396
9.0,199,20.487409
12.0,199,20.487419
8.0,199,20.992146
6.0,199,20.992216
9.0,199,20.992228
14.0,199,20.992237
12.0,199,21.4963
9.0,199,21.496369
9.0,199,21.49638
11.0,199,21.496391
9.0,199,22.008028
8.0,199,22.008096
10.0,199,22.008109
12.0,199,22.008118
9.0,199,22.512105
10.0,199,22.512171
9.0,199,22.512183
6.0,199,22.512195
6.0,199,23.018527
7.0,199,23.018593
9.0,199,23.018605
6.0,199,23.018614
10.0,199,23.576663
9.0,199,23.576735
10.0,199,23.576747
10.0,199,23.576757
10.0,199,24.128372
8.0,199,24.12846
8.0,199,24.128472
10.0,199,24.128481
6.0,199,24.686684
7.0,199,24.686752
10.0,199,24.686767
11.0,199,24.686776
9.0,199,25.246958
9.0,199,25.247023
11.0,199,25.247034
8.0,199,25.247043
9.0,199,25.766825
8.0,199,25.766885
6.0,199,25.766896
9.0,199,25.766904
9.0,199,26.349571
9.0,199,26.349637
9.0,199,26.349648
8.0,199,26.34966
10.0,199,26.866625
8.0,199,26.866694
6.0,199,26.866706
11.0,199,26.866715
10.0,199,27.402507
8.0,199,27.402577
10.0,199,27.402588
12.0,199,27.402597
9.0,199,27.939341
8.0,199,27.939403
8.0,199,27.939415
10.0,199,27.939424
8.0,199,28.477859
9.0,199,28.477937
10.0,199,28.477966
9.0,199,28.477976
9.0,199,28.995634
11.0,199,28.995692
8.0,199,28.995702
8.0,199,28.995709
10.0,199,29.520675
12.0,199,29.520739
10.0,199,29.520748
12.0,199,29.520755
11.0,199,30.05297
8.0,199,30.053032
13.0,199,30.053042
11.0,199,30.053049
10.0,199,30.581386
8.0,199,30.58144
10.0,199,30.58145
12.0,199,30.581457
9.0,199,31.110666
9.0,199,31.110726
8.0,199,31.110735
13.0,199,31.110742
11.0,199,31.638347
7.0,199,31.638415
10.0,199,31.638426
11.0,199,31.638434
9.0,199,32.17196
7.0,199,32.172023
6.0,199,32.172033
9.0,199,32.17204
9.0,199,32.751029
9.0,199,32.751092
11.0,199,32.751101
9.0,199,32.751109
8.0,199,33.288843
9.0,199,33.288903
9.0,199,33.288913
8.0,199,33.28892
7.0,199,33.814554
9.0,199,33.814612
10.0,199,33.814622
7.0,199,33.814629
6.0,199,34.339424
7.0,199,34.339487
12.0,199,34.339496
7.0,199,34.339503
10.0,199,34.920556
10.0,199,34.92061
6.0,199,34.920621
8.0,199,34.920629
7.0,199,35.462693
8.0,199,35.462747
11.0,199,35.462757
10.0,199,35.462764
10.0,199,35.986913
8.0,199,35.98697
8.0,199,35.98698
7.0,199,35.986987
13.0,199,36.564821
6.0,199,36.564888
8.0,199,36.5649
10.0,199,36.564909
10.0,199,37.135803
11.0,199,37.135863
11.0,199,37.135874
9.0,199,37.135883
10.0,199,37.654277
9.0,199,37.654344
11.0,199,37.654356
9.0,199,37.654364
10.0,199,38.18854
9.0,199,38.188611
11.0,199,38.188623
12.0,199,38.188632
12.0,199,38.701551
10.0,199,38.701618
12.0,199,38.701629
10.0,199,38.701638
9.0,199,39.235888
12.0,199,39.235962
9.0,199,39.235974
11.0,199,39.235983
10.0,199,39.864504
11.0,199,39.864576
10.0,199,39.864591
8.0,199,39.8646
11.0,199,40.433898
9.0,199,40.433977
9.0,199,40.43399
11.0,199,40.433999
11.0,199,40.965024
12.0,199,40.965086
10.0,199,40.965098
8.0,199,40.965107
10.0,199,41.49038
8.0,199,41.490441
9.0,199,41.490453
8.0,199,41.490462
10.0,199,42.028202
9.0,199,42.028275
9.0,199,42.028288
10.0,199,42.028296
9.0,199,42.579741
9.0,199,42.579806
8.0,199,42.579818
10.0,199,42.579827
8.0,199,43.105409
8.0,199,43.105468
8.0,199,43.105479
10.0,199,43.105488
10.0,199,43.660107
9.0,199,43.660176
7.0,199,43.660188
9.0,199,43.660197
6.0,199,44.209044
7.0,199,44.209117
10.0,199,44.209129
9.0,199,44.209138
9.0,199,44.799351
7.0,199,44.799433
7.0,199,44.799461
8.0,199,44.799559
8.0,199,45.339442
9.0,199,45.339513
5.0,199,45.339527
7.0,199,45.339536
7.0,199,45.910461
8.0,199,45.910523
10.0,199,45.910535
9.0,199,45.910544
5.0,199,46.489029
8.0,199,46.489095
8.0,199,46.489107
7.0,199,46.489116
8.0,199,47.088605
8.0,199,47.088674
8.0,199,47.088687
6.0,199,47.088696
7.0,199,47.645835
6.0,199,47.645899
9.0,199,47.64591
7.0,199,47.645919
7.0,199,48.17707
7.0,199,48.177144
6.0,199,48.177159
8.0,199,48.177167
5.0,199,48.686832
6.0,199,48.686901
6.0,199,48.686912
8.0,199,48.686921
7.0,199,49.212489
5.0,199,49.212563
6.0,199,49.212578
7.0,199,49.212587
4.0,199,49.727268
5.0,199,49.727334
7.0,199,49.727346
8.0,199,49.727354
5.0,199,50.232405
6.0,199,50.232473
7.0,199,50.232484
5.0,199,50.232493
6.0,199,50.744201
7.0,199,50.744266
6.0,199,50.744279
5.0,199,50.744288
6.0,199,51.259987
7.0,199,51.260048
6.0,199,51.26006
7.0,199,51.260069
5.0,199,51.791402
5.0,199,51.791471
4.0,199,51.791482
5.0,199,51.791491
3.0,199,52.322474
4.0,199,52.322545
4.0,199,52.322556
4.0,199,52.322565
3.0,199,52.870317
5.0,199,52.870395
3.0,199,52.870407
3.0,199,52.870415
3.0,199,53.39583
5.0,199,53.395896
4.0,199,53.395908
5.0,199,53.395917
5.0,199,54.019001
4.0,199,54.019079
4.0,199,54.019091
4.0,199,54.019099
6.0,199,54.558067
4.0,199,54.558132
3.0,199,54.558143
3.0,199,54.558152
3.0,199,55.095549
3.0,199,55.095618
5.0,199,55.09563
4.0,199,55.095639
2.0,199,55.614112
2.0,199,55.614185
5.0,199,55.614197
3.0,199,55.614206
4.0,199,56.125699
4.0,199,56.125766
4.0,199,56.125777
3.0,199,56.125786
2.0,199,56.640674
5.0,199,56.64074
2.0,199,56.640751
5.0,199,56.640763
3.0,199,57.181598
2.0,199,57.181666
5.0,199,57.181682
3.0,199,57.181692
5.0,199,57.710047
1.0,199,57.710104
3.0,199,57.710115
2.0,199,57.710122
4.0,199,58.224633
5.0,199,58.224689
4.0,199,58.224699
4.0,199,58.224708
4.0,199,58.761352
3.0,199,58.761409
4.0,199,58.761419
5.0,199,58.761426
4.0,199,59.325951
4.0,199,59.326011
5.0,199,59.32602
3.0,199,59.326027
5.0,199,60.036614
4.0,199,60.036669
6.0,199,60.036679
4.0,199,60.036686
6.0,199,60.601553
3.0,199,60.601609
3.0,199,60.601619
5.0,199,60.601626
2.0,199,61.137429
4.0,199,61.137489
2.0,199,61.1375
4.0,199,61.137507
3.0,199,61.688865
4.0,199,61.68892
4.0,199,61.688929
4.0,199,61.688936
5.0,199,62.274134
3.0,199,62.27419
2.0,199,62.2742
4.0,199,62.274207
4.0,199,62.815762
3.0,199,62.815818
3.0,199,62.815828
5.0,199,62.815835
3.0,199,63.368083
2.0,199,63.368141
3.0,199,63.368151
3.0,199,63.368158
4.0,199,63.886025
3.0,199,63.886081
4.0,199,63.88609
3.0,199,63.886098
3.0,199,64.428037
2.0,199,64.428099
4.0,199,64.428109
2.0,199,64.428117
4.0,199,64.955915
4.0,199,64.955974
3.0,199,64.955984
4.0,199,64.955991
3.0,199,65.517125
5.0,199,65.517179
3.0,199,65.517188
4.0,199,65.517196
3.0,199,66.145917
3.0,199,66.145981
3.0,199,66.145991
1.0,199,66.145999
3.0,199,66.689735
2.0,199,66.689807
2.0,199,66.689821
3.0,199,66.68983
2.0,199,67.222953
3.0,199,67.223024
2.0,199,67.223036
2.0,199,67.223045
2.0,199,67.791737
4.0,199,67.791807
3.0,199,67.791822
3.0,199,67.79183
1.0,199,68.36789
4.0,199,68.367973
2.0,199,68.367986
2.0,199,68.367994
2.0,199,69.010119
2.0,199,69.010183
1.0,199,69.010209
3.0,199,69.010218
3.0,199,69.601596
1.0,199,69.601664
4.0,199,69.601676
3.0,199,69.601685
2.0,199,70.162828
4.0,199,70.162887
2.0,199,70.162898
2.0,199,70.162906
1.0,199,70.68704
3.0,199,70.687105
3.0,199,70.687117
3.0,199,70.687129
1.0,199,71.199463
2.0,199,71.199535
1.0,199,71.199547
2.0,199,71.199556
3.0,199,71.723194
1.0,199,71.723265
3.0,199,71.723277
2.0,199,71.723285
1.0,199,72.335107
1.0,199,72.335176
1.0,199,72.335187
1.0,199,72.335196
3.0,199,72.949759
3.0,199,72.949835
3.0,199,72.94985
1.0,199,72.949861
4.0,199,73.595631
1.0,199,73.595704
2.0,199,73.595718
3.0,199,73.595727
2.0,199,74.177888
3.0,199,74.177949
3.0,199,74.177962
2.0,199,74.177971
4.0,199,74.720189
3.0,199,74.72025
2.0,199,74.720261
2.0,199,74.72027
3.0,199,75.2383
3.0,199,75.238365
2.0,199,75.238377
3.0,199,75.238386
4.0,199,75.763251
4.0,199,75.76332
2.0,199,75.763332
3.0,199,75.763341
2.0,199,76.278725
2.0,199,76.278789
1.0,199,76.278801
3.0,199,76.278811
3.0,199,76.803425
3.0,199,76.803496
2.0,199,76.803507
1.0,199,76.803516
3.0,199,77.33738
3.0,199,77.337442
3.0,199,77.337456
3.0,199,77.337465
3.0,199,77.851619
2.0,199,77.851685
2.0,199,77.851698
2.0,199,77.851709
2.0,199,78.369133
3.0,199,78.369198
2.0,199,78.36921
3.0,199,78.36922
1.0,199,78.892711
3.0,199,78.89278
3.0,199,78.892794
2.0,199,78.892803
1.0,199,79.401783
1.0,199,79.401855
2.0,199,79.401866
1.0,199,79.401874
1.0,199,80.005261
2.0,199,80.005366
2.0,199,80.005424
2.0,199,80.005437
2.0,199,80.560223
2.0,199,80.560323
2.0,199,80.560356
1.0,199,80.560374
2.0,199,81.139787
2.0,199,81.139846
2.0,199,81.139857
3.0,199,81.139866
2.0,199,81.712146
2.0,199,81.712212
2.0,199,81.712223
2.0,199,81.712232
1.0,199,82.253381
2.0,199,82.25345
2.0,199,82.253462
2.0,199,82.253471
2.0,199,82.798678
1.0,199,82.798745
1.0,199,82.798757
2.0,199,82.798766
2.0,199,83.341119
1.0,199,83.341182
2.0,199,83.341194
1.0,199,83.341203
1.0,199,83.874071
2.0,199,83.874139
1.0,199,83.874154
1.0,199,83.874162
2.0,199,84.439615
2.0,199,84.439695
1.0,199,84.439712
1.0,199,84.439721
2.0,199,84.984531
2.0,199,84.984601
2.0,199,84.984613
1.0,199,84.984621
2.0,199,85.530457
1.0,199,85.530524
2.0,199,85.530536
1.0,199,85.530544
1.0,199,86.07646
2.0,199,86.076525
2.0,199,86.076541
2.0,199,86.07655
1.0,199,86.607629
2.0,199,86.607697
1.0,199,86.607709
2.0,199,86.607718
2.0,199,87.129881
1.0,199,87.129945
2.0,199,87.129958
1.0,199,87.129967
2.0,199,87.647239
1.0,199,87.647321
1.0,199,87.647331
1.0,199,87.647338
2.0,199,88.175717
1.0,199,88.175791
2.0,199,88.175801
2.0,199,88.17581
1.0,199,88.703837
1.0,199,88.703904
2.0,199,88.703913
2.0,199,88.70392
1.0,199,89.23601
1.0,199,89.236068
1.0,199,89.236078
1.0,199,89.236086
1.0,199,89.755296
2.0,199,89.755367
2.0,199,89.755377
1.0,199,89.755385
1.0,199,90.283371
2.0,199,90.283427
1.0,199,90.283437
2.0,199,90.283443
2.0,199,90.810182
1.0,199,90.810243
1.0,199,90.810252
1.0,199,90.81026
1.0,199,91.342104
2.0,199,91.342163
1.0,199,91.342172
2.0,199,91.342179
1.0,199,91.867896
1.0,199,91.867952
1.0,199,91.867961
1.0,199,91.867968
1.0,199,92.391708
1.0,199,92.391775
1.0,199,92.391785
2.0,199,92.391791
1.0,199,92.90463
1.0,199,92.904687
2.0,199,92.904697
2.0,199,92.904704
1.0,199,93.433806
2.0,199,93.433875
2.0,199,93.433885
1.0,199,93.433891
1.0,199,93.950546
1.0,199,93.950604
1.0,199,93.950613
1.0,199,93.950621
1.0,199,94.475818
1.0,199,94.475884
1.0,199,94.475894
1.0,199,94.4759
1.0,199,94.989843
1.0,199,94.989896
1.0,199,94.989906
2.0,199,94.989913
1.0,199,95.511582
1.0,199,95.51165
1.0,199,95.51166
1.0,199,95.511668
1.0,199,96.029797
1.0,199,96.029858
1.0,199,96.029867
1.0,199,96.029877
1.0,199,96.539293
1.0,199,96.539365
1.0,199,96.539378
1.0,199,96.539386
1.0,199,97.051196
2.0,199,97.051258
2.0,199,97.051271
1.0,199,97.05128
1.0,199,97.56257
1.0,199,97.562637
1.0,199,97.562649
1.0,199,97.562657
1.0,199,98.072724
1.0,199,98.072794
1.0,199,98.072806
1.0,199,98.072814
1.0,199,98.580449
1.0,199,98.580517
1.0,199,98.580529
1.0,199,98.580537
2.0,199,99.093601
1.0,199,99.093669
1.0,199,99.09368
1.0,199,99.093689
1.0,199,99.602828
1.0,199,99.602896
1.0,199,99.602907
2.0,199,99.602916
1.0,199,100.123463
1.0,199,100.12353
1.0,199,100.123541
1.0,199,100.12355
1.0,199,100.645597
1.0,199,100.645665
1.0,199,100.645678
1.0,199,100.645687
1.0,199,101.164253
1.0,199,101.164314
1.0,199,101.164326
1.0,199,101.164334
1.0,199,101.694459
2.0,199,101.694519
1.0,199,101.694531
1.0,199,101.694539
1.0,199,102.21665
1.0,199,102.216714
1.0,199,102.216726
1.0,199,102.216735
1.0,199,102.730225
1.0,199,102.730286
1.0,199,102.730297
1.0,199,102.730306
1.0,199,103.254156
1.0,199,103.25422
1.0,199,103.254234
1.0,199,103.254245
1.0,199,103.76974
1.0,199,103.769806
1.0,199,103.769818
1.0,199,103.769827
1.0,199,104.293791
1.0,199,104.293856
1.0,199,104.293867
1.0,199,104.293875
1.0,199,104.814058
1.0,199,104.814123
1.0,199,104.814134
1.0,199,104.814143
1.0,199,105.326138
1.0,199,105.326208
1.0,199,105.32622
1.0,199,105.326229
1.0,199,105.836878
1.0,199,105.83694
1.0,199,105.836954
1.0,199,105.836962
1.0,199,106.347019
1.0,199,106.347089
1.0,199,106.347103
1.0,199,106.347112
1.0,199,106.865103
1.0,199,106.865175
1.0,199,106.865187
1.0,199,106.865196
1.0,199,107.385393
1.0,199,107.385461
1.0,199,107.385472
1.0,199,107.38548
1.0,199,107.763488
1.0,199,107.763559
1.0,199,107.76357
1.0,199,107.763578
1.0,199,108.301406
1.0,199,108.301472
1.0,199,108.301484
1.0,199,108.301492
1.0,199,108.82024
1.0,199,108.820302
1.0,199,108.820314
1.0,199,108.820322
1.0,199,109.336941
1.0,199,109.337006
1.0,199,109.337018
1.0,199,109.337026
1.0,199,109.855778
1.0,199,109.855838
1.0,199,109.85585
1.0,199,109.855858
1.0,199,110.372325
1.0,199,110.372395
1.0,199,110.372407
1.0,199,110.372415
1.0,199,110.889413
1.0,199,110.889474
1.0,199,110.889485
1.0,199,110.889494
1.0,199,111.414323
1.0,199,111.4144
1.0,199,111.414413
1.0,199,111.414422
1.0,199,111.937087
1.0,199,111.937166
1.0,199,111.937178
1.0,199,111.937188
1.0,199,112.456294
1.0,199,112.456359
1.0,199,112.456371
1.0,199,112.456379
1.0,199,112.971008
1.0,199,112.97109
1.0,199,112.971102
1.0,199,112.971111
1.0,199,113.480422
1.0,199,113.480485
1.0,199,113.480496
1.0,199,113.480505
1.0,199,113.988721
1.0,199,113.98879
1.0,199,113.988802
1.0,199,113.988811
1.0,199,114.506796
1.0,199,114.506858
1.0,199,114.506869
1.0,199,114.506877
1.0,199,115.041766
1.0,199,115.041828
1.0,199,115.041837
1.0,199,115.041844
1.0,199,115.571812
1.0,199,115.571869
1.0,199,115.571881
1.0,199,115.57189
1.0,199,116.087343
1.0,199,116.087399
1.0,199,116.087408
1.0,199,116.087415
1.0,199,116.618158
1.0,199,116.618216
1.0,199,116.618225
1.0,199,116.618233
1.0,199,117.137762
1.0,199,117.137827
1.0,199,117.137837
1.0,199,117.137843
1.0,199,117.669104
1.0,199,117.669161
1.0,199,117.669172
1.0,199,117.669179
1.0,199,118.192315
1.0,199,118.192374
1.0,199,118.192384
1.0,199,118.192391
1.0,199,118.713571
1.0,199,118.713626
1.0,199,118.713636
1.0,199,118.713642
1.0,199,119.232565
1.0,199,119.232627
1.0,199,119.232637
1.0,199,119.232644
1.0,199,119.755005
1.0,199,119.755076
1.0,199,119.755088
1.0,199,119.755095
1.0,199,120.279719
1.0,199,120.279773
1.0,199,120.279782
1.0,199,120.279789
1.0,199,120.819814
1.0,199,120.81987
1.0,199,120.819879
1.0,199,120.819886
1.0,199,121.355936
1.0,199,121.35599
1.0,199,121.356
1.0,199,121.356006
1.0,199,121.874634
1.0,199,121.874688
1.0,199,121.874698
1.0,199,121.874705
1.0,199,122.397184
1.0,199,122.397241
1.0,199,122.397251
1.0,199,122.397258
1.0,199,122.934681
1.0,199,122.934739
1.0,199,122.934748
1.0,199,122.934755
1.0,199,123.457837
1.0,199,123.457904
1.0,199,123.457914
1.0,199,123.45792
1.0,199,123.990099
1.0,199,123.990155
1.0,199,123.990165
1.0,199,123.990172
1.0,199,124.507298
1.0,199,124.507355
1.0,199,124.507364
1.0,199,124.507371
1.0,199,125.020489
1.0,199,125.02055
1.0,199,125.020559
1.0,199,125.020566
1.0,199,125.544316
1.0,199,125.544372
1.0,199,125.544381
1.0,199,125.544388
1.0,199,126.072941
1.0,199,126.073018
1.0,199,126.073027
1.0,199,126.073034
1.0,199,126.580345
1.0,199,126.580423
1.0,199,126.580437
1.0,199,126.580446
1.0,199,127.086258
1.0,199,127.08632
1.0,199,127.086331
1.0,199,127.086339
1.0,199,127.596004
1.0,199,127.596066
1.0,199,127.596078
1.0,199,127.596086
1.0,199,128.118383
1.0,199,128.118445
1.0,199,128.118456
1.0,199,128.118465
1.0,199,128.667554
1.0,199,128.667609
1.0,199,128.667623
1.0,199,128.667631
1.0,199,129.205121
1.0,199,129.205187
1.0,199,129.205201
1.0,199,129.205209
1.0,199,129.737913
1.0,199,129.737984
1.0,199,129.737995
1.0,199,129.738003
1.0,199,130.271767
1.0,199,130.271838
1.0,199,130.271849
1.0,199,130.271858
1.0,199,130.80263
1.0,199,130.802691
1.0,199,130.802702
1.0,199,130.80271
1.0,199,131.333407
1.0,199,131.333481
1.0,199,131.333493
1.0,199,131.333501
1.0,199,131.86007
1.0,199,131.86013
1.0,199,131.860142
1.0,199,131.86015
1.0,199,132.379647
1.0,199,132.379712
1.0,199,132.379723
1.0,199,132.379731
1.0,199,132.906513
1.0,199,132.906586
1.0,199,132.906597
1.0,199,132.906606
1.0,199,133.43557
1.0,199,133.435634
1.0,199,133.435646
1.0,199,133.435654
1.0,199,133.972239
1.0,199,133.972303
1.0,199,133.972314
1.0,199,133.972322
1.0,199,134.512564
1.0,199,134.512646
1.0,199,134.512657
1.0,199,134.512665
1.0,199,135.030241
1.0,199,135.030302
1.0,199,135.030313
1.0,199,135.030321
1.0,199,135.560167
1.0,199,135.56023
1.0,199,135.560242
1.0,199,135.56025
1.0,199,136.088621
1.0,199,136.088691
1.0,199,136.088702
1.0,199,136.088711
1.0,199,136.6249
1.0,199,136.624965
1.0,199,136.624976
1.0,199,136.624985
1.0,199,137.161442
1.0,199,137.161506
1.0,199,137.161518
1.0,199,137.161527
1.0,199,137.67614
1.0,199,137.67621
1.0,199,137.676221
1.0,199,137.67623
1.0,199,138.195142
1.0,199,138.195204
1.0,199,138.195218
1.0,199,138.195226
1.0,199,138.710791
1.0,199,138.710857
1.0,199,138.710868
1.0,199,138.710877
1.0,199,139.220647
1.0,199,139.220717
1.0,199,139.220728
1.0,199,139.220737
1.0,199,139.734001
1.0,199,139.734072
1.0,199,139.734083
1.0,199,139.734091
1.0,199,140.247153
1.0,199,140.247218
1.0,199,140.24723
1.0,199,140.247238
1.0,199,140.810172
1.0,199,140.810237
1.0,199,140.810248
1.0,199,140.810257
1.0,199,141.336225
1.0,199,141.336282
1.0,199,141.336294
1.0,199,141.336302
1.0,199,141.863831
1.0,199,141.863882
1.0,199,141.863908
1.0,199,141.863915
1.0,199,142.377875
1.0,199,142.377931
1.0,199,142.377941
1.0,199,142.377948
1.0,199,142.890563
1.0,199,142.890624
1.0,199,142.890636
1.0,199,142.890642
1.0,199,143.409289
1.0,199,143.409347
1.0,199,143.409356
1.0,199,143.409363
1.0,199,143.955302
1.0,199,143.955356
1.0,199,143.955366
1.0,199,143.955372
1.0,199,144.50649
1.0,199,144.506551
1.0,199,144.506561
1.0,199,144.506569
1.0,199,145.066729
1.0,199,145.067786
1.0,199,145.067798
1.0,199,145.067805
1.0,199,145.606596
1.0,199,145.606653
1.0,199,145.606662
1.0,199,145.606669
1.0,199,146.120908
1.0,199,146.120969
1.0,199,146.120978
1.0,199,146.120986
1.0,199,146.634452
1.0,199,146.634515
1.0,199,146.634525
1.0,199,146.634533
1.0,199,147.15552
1.0,199,147.155575
1.0,199,147.155584
1.0,199,147.155594
1.0,199,147.679372
1.0,199,147.679438
1.0,199,147.679448
1.0,199,147.679455
1.0,199,148.195985
1.0,199,148.196039
1.0,199,148.196048
1.0,199,148.196055
1.0,199,148.713014
1.0,199,148.713075
1.0,199,148.713087
1.0,199,148.713094
1.0,199,149.23871
1.0,199,149.238768
1.0,199,149.238778
1.0,199,149.238785
1.0,199,149.747913
1.0,199,149.747982
1.0,199,149.747991
1.0,199,149.747998
1.0,199,150.264926
1.0,199,150.264989
1.0,199,150.264999
1.0,199,150.265006
1.0,199,150.779107
1.0,199,150.779178
1.0,199,150.779189
1.0,199,150.779196
1.0,199,151.29232
1.0,199,151.292384
1.0,199,151.292393
1.0,199,151.2924
1.0,199,151.816397
1.0,199,151.81646
1.0,199,151.816469
1.0,199,151.816478
1.0,199,152.346401
1.0,199,152.346458
1.0,199,152.346468
1.0,199,152.346475
1.0,199,152.881106
1.0,199,152.88117
1.0,199,152.881179
1.0,199,152.881185
1.0,199,153.413972
1.0,199,153.414049
1.0,199,153.414059
1.0,199,153.414066
1.0,199,153.941695
1.0,199,153.941751
1.0,199,153.941761
1.0,199,153.941768
1.0,199,154.459797
1.0,199,154.45985
1.0,199,154.45986
1.0,199,154.459867
1.0,199,154.977263
1.0,199,154.977325
1.0,199,154.977338
1.0,199,154.977344
1.0,199,155.489281
1.0,199,155.489336
1.0,199,155.489345
1.0,199,155.489352
1.0,199,156.016548
1.0,199,156.016614
1.0,199,156.016623
1.0,199,156.01663
1.0,199,156.53332
1.0,199,156.533387
1.0,199,156.533399
1.0,199,156.533407
1.0,199,157.043525
1.0,199,157.04359
1.0,199,157.043601
1.0,199,157.04361
1.0,199,157.556359
1.0,199,157.556416
1.0,199,157.556427
1.0,199,157.556435
1.0,199,158.096799
1.0,199,158.09686
1.0,199,158.096871
1.0,199,158.09688
1.0,199,158.630002
1.0,199,158.630072
1.0,199,158.630084
1.0,199,158.630092
1.0,199,159.173307
1.0,199,159.173369
1.0,199,159.17338
1.0,199,159.173388
1.0,199,159.702921
1.0,199,159.702985
1.0,199,159.702997
1.0,199,159.703005
1.0,199,160.235484
1.0,199,160.235546
1.0,199,160.235557
1.0,199,160.235566
1.0,199,160.788169
1.0,199,160.788234
1.0,199,160.788247
1.0,199,160.788256
1.0,199,161.323179
1.0,199,161.323246
1.0,199,161.32326
1.0,199,161.323269
1.0,199,161.861054
1.0,199,161.861114
1.0,199,161.861125
1.0,199,161.861134
1.0,199,162.404573
1.0,199,162.404633
1.0,199,162.404645
1.0,199,162.404653
1.0,199,162.935076
1.0,199,162.935146
1.0,199,162.935157
1.0,199,162.935166
1.0,199,163.471547
1.0,199,163.471618
1.0,199,163.471629
1.0,199,163.471637
1.0,199,163.989584
1.0,199,163.989651
1.0,199,163.989663
1.0,199,163.989671
1.0,199,164.517236
1.0,199,164.517306
1.0,199,164.517317
1.0,199,164.517326
1.0,199,165.030215
1.0,199,165.030278
1.0,199,165.030289
1.0,199,165.030298
1.0,199,165.553494
1.0,199,165.553564
1.0,199,165.553575
1.0,199,165.553584
1.0,199,166.083274
1.0,199,166.083341
1.0,199,166.083352
1.0,199,166.083361
1.0,199,166.597309
1.0,199,166.597377
1.0,199,166.597388
1.0,199,166.597396
1.0,199,167.116064
1.0,199,167.11613
1.0,199,167.116142
1.0,199,167.116151
1.0,199,167.638337
1.0,199,167.638405
1.0,199,167.638416
1.0,199,167.638424
1.0,199,168.162161
1.0,199,168.162227
1.0,199,168.16224
1.0,199,168.162248
1.0,199,168.685042
1.0,199,168.685106
1.0,199,168.685117
1.0,199,168.685141
1.0,199,169.204011
1.0,199,169.204065
1.0,199,169.204074
1.0,199,169.204081
1.0,199,169.729662
1.0,199,169.729725
1.0,199,169.729735
1.0,199,169.729741
1.0,199,170.250097
1.0,199,170.25015
1.0,199,170.25016
1.0,199,170.250166
1.0,199,170.758025
1.0,199,170.758089
1.0,199,170.758098
1.0,199,170.758105
1.0,199,171.269774
1.0,199,171.269832
1.0,199,171.269842
1.0,199,171.269849
1.0,199,171.793576
1.0,199,171.793632
1.0,199,171.793641
1.0,199,171.793648
1.0,199,172.313966
1.0,199,172.314029
1.0,199,172.314039
1.0,199,172.314046
1.0,199,172.828872
1.0,199,172.828936
1.0,199,172.828945
1.0,199,172.828952
1.0,199,173.345755
1.0,199,173.345816
1.0,199,173.345825
1.0,199,173.345832
1.0,199,173.864712
1.0,199,173.864771
1.0,199,173.864781
1.0,199,173.864787
1.0,199,174.3832
1.0,199,174.383269
1.0,199,174.383283
1.0,199,174.383294
1.0,199,174.892141
1.0,199,174.892197
1.0,199,174.892206
1.0,199,174.892213
1.0,199,175.413191
1.0,199,175.413253
1.0,199,175.413263
1.0,199,175.41327
1.0,199,175.960691
1.0,199,175.96075
1.0,199,175.96076
1.0,199,175.960766
1.0,199,176.499734
1.0,199,176.499799
1.0,199,176.499808
1.0,199,176.499815
1.0,199,177.029541
1.0,199,177.029609
1.0,199,177.029617
1.0,199,177.029624
1.0,199,177.572698
1.0,199,177.572751
1.0,199,177.57276
1.0,199,177.572767
1.0,199,178.099307
1.0,199,178.09936
1.0,199,178.09937
1.0,199,178.099376
1.0,199,178.621653
1.0,199,178.621709
1.0,199,178.621718
1.0,199,178.621725
1.0,199,179.137537
1.0,199,179.137594
1.0,199,179.137603
1.0,199,179.13761
1.0,199,179.642607
1.0,199,179.642663
1.0,199,179.642673
1.0,199,179.642679
1.0,199,180.152751
1.0,199,180.15281
1.0,199,180.15282
1.0,199,180.152826
1.0,199,180.671031
1.0,199,180.671087
1.0,199,180.671097
1.0,199,180.671103
1.0,199,181.180628
1.0,199,181.18068
1.0,199,181.18069
1.0,199,181.180696
1.0,199,181.699084
1.0,199,181.699138
1.0,199,181.699147
1.0,199,181.699153
1.0,199,182.217387
1.0,199,182.217445
1.0,199,182.217454
1.0,199,182.217462
1.0,199,182.737202
1.0,199,182.737252
1.0,199,182.737261
2.0,199,182.737268
2.0,199,183.254654
2.0,199,183.254713
2.0,199,183.254723
2.0,199,183.254729
2.0,199,183.7699
2.0,199,183.76996
2.0,199,183.769969
2.0,199,183.769976
2.0,199,184.282017
2.0,199,184.282075
2.0,199,184.282084
2.0,199,184.28209
2.0,199,184.796472
2.0,199,184.796535
2.0,199,184.796544
2.0,199,184.796551
2.0,199,185.299595
2.0,199,185.299652
2.0,199,185.299662
2.0,199,185.299668
2.0,199,185.806371
2.0,199,185.806424
2.0,199,185.806434
2.0,199,185.806441
2.0,199,186.322434
2.0,199,186.322489
2.0,199,186.322499
2.0,199,186.322505
2.0,199,186.839383
2.0,199,186.839455
2.0,199,186.839467
2.0,199,186.839476
2.0,199,187.348713
2.0,199,187.348782
2.0,199,187.348795
2.0,199,187.348803
1.0,199,187.86809
2.0,199,187.868152
2.0,199,187.868163
2.0,199,187.868171
2.0,199,188.385179
1.0,199,188.385255
1.0,199,188.385266
1.0,199,188.385275
1.0,199,188.887282
1.0,199,188.887345
1.0,199,188.887357
1.0,199,188.887365
1.0,199,189.406995
2.0,199,189.407055
2.0,199,189.407067
1.0,199,189.407075
1.0,199,189.913108
1.0,199,189.913176
1.0,199,189.913187
1.0,199,189.913198
2.0,199,190.429774
1.0,199,190.429839
1.0,199,190.429851
2.0,199,190.42986
1.0,199,190.950708
1.0,199,190.950775
1.0,199,190.950787
1.0,199,190.950798
1.0,199,191.465144
1.0,199,191.465209
1.0,199,191.46522
1.0,199,191.465228
1.0,199,191.973377
1.0,199,191.973438
1.0,199,191.973449
1.0,199,191.973458
1.0,199,192.482307
1.0,199,192.482367
1.0,199,192.482379
1.0,199,192.482387
1.0,199,192.992167
1.0,199,192.992232
1.0,199,192.992243
1.0,199,192.992251
1.0,199,193.500122
1.0,199,193.500187
1.0,199,193.500198
1.0,199,193.500206
1.0,199,194.007792
1.0,199,194.007851
1.0,199,194.007862
2.0,199,194.00787
2.0,199,194.516424
1.0,199,194.516508
1.0,199,194.51652
1.0,199,194.51653
1.0,199,195.022566
1.0,199,195.022632
1.0,199,195.022643
1.0,199,195.022651
1.0,199,195.53397
1.0,199,195.534055
1.0,199,195.534066
1.0,199,195.534073
1.0,199,196.049947
1.0,199,196.050008
1.0,199,196.050017
1.0,199,196.050023
1.0,199,196.59884
1.0,199,196.598902
1.0,199,196.598912
1.0,199,196.598918
1.0,199,197.116951
1.0,199,197.117015
1.0,199,197.117024
1.0,199,197.11703
1.0,199,197.628524
1.0,199,197.628578
1.0,199,197.628588
1.0,199,197.628594
1.0,199,198.137054
1.0,199,198.137112
1.0,199,198.137122
1.0,199,198.137129
1.0,199,198.645723
1.0,199,198.645784
1.0,199,198.645794
1.0,199,198.6458
1.0,199,199.146529
1.0,199,199.146588
1.0,199,199.146601
1.0,199,199.146608
1.0,199,199.659696
1.0,199,199.659752
1.0,199,199.659762
1.0,199,199.659772
1.0,199,200.166192
1.0,199,200.166244
1.0,199,200.166254
1.0,199,200.16626
1.0,199,200.669994
1.0,199,200.670051
1.0,199,200.670062
1.0,199,200.670068
1.0,199,201.176611
1.0,199,201.176674
1.0,199,201.176683
1.0,199,201.17669
1.0,199,201.685537
1.0,199,201.685594
1.0,199,201.685604
1.0,199,201.685611
1.0,199,202.196502
1.0,199,202.196559
1.0,199,202.196569
1.0,199,202.196576
1.0,199,202.705162
1.0,199,202.705214
1.0,199,202.705225
1.0,199,202.705231
1.0,199,203.214865
1.0,199,203.214916
1.0,199,203.214925
1.0,199,203.214931
1.0,199,203.722081
1.0,199,203.722142
1.0,199,203.722151
1.0,199,203.722158
1.0,199,204.2327
1.0,199,204.232749
1.0,199,204.232758
1.0,199,204.232765
1.0,199,204.781659
1.0,199,204.781714
1.0,199,204.781723
1.0,199,204.78173
1.0,199,205.307387
1.0,199,205.307452
1.0,199,205.307461
1.0,199,205.307468
1.0,199,205.834099
1.0,199,205.834159
1.0,199,205.83417
1.0,199,205.834177
1.0,199,206.337872
1.0,199,206.337932
1.0,199,206.337941
1.0,199,206.337948
1.0,199,206.867006
1.0,199,206.867065
1.0,199,206.867074
1.0,199,206.867082
1.0,199,207.416943
1.0,199,207.417003
1.0,199,207.417016
1.0,199,207.417022
1.0,199,207.9205
1.0,199,207.920553
1.0,199,207.920562
1.0,199,207.920569
1.0,199,208.425577
1.0,199,208.425635
1.0,199,208.425644
1.0,199,208.425651
1.0,199,208.930223
1.0,199,208.930281
1.0,199,208.93029
1.0,199,208.930297
1.0,199,209.485226
1.0,199,209.485284
1.0,199,209.485293
1.0,199,209.485299
1.0,199,210.024803
1.0,199,210.024853
1.0,199,210.024862
1.0,199,210.024869
1.0,199,210.561272
1.0,199,210.561332
1.0,199,210.561342
1.0,199,210.561349
1.0,199,211.111666
1.0,199,211.111721
1.0,199,211.11173
1.0,199,211.111741
1.0,199,211.635836
1.0,199,211.635891
1.0,199,211.635904
1.0,199,211.635911
1.0,199,212.032297
1.0,199,212.032355
1.0,199,212.032365
1.0,199,212.032371
1.0,199,212.577819
1.0,199,212.577882
1.0,199,212.577891
1.0,199,212.577898
1.0,199,213.106428
1.0,199,213.106479
1.0,199,213.106488
1.0,199,213.106495
1.0,199,213.797361
1.0,199,213.797419
1.0,199,213.797429
1.0,199,213.797436
1.0,199,214.340313
1.0,199,214.340362
1.0,199,214.340371
1.0,199,214.340379
1.0,199,214.944404
1.0,199,214.944457
1.0,199,214.944466
1.0,199,214.944473
1.0,199,215.519585
1.0,199,215.519645
1.0,199,215.519655
1.0,199,215.519662
1.0,199,216.105875
1.0,199,216.105931
1.0,199,216.10594
1.0,199,216.105948
1.0,199,216.671834
1.0,199,216.671896
1.0,199,216.671908
1.0,199,216.671917
1.0,199,217.230184
1.0,199,217.230241
1.0,199,217.230252
1.0,199,217.23026
1.0,199,217.805832
1.0,199,217.805899
1.0,199,217.80591
1.0,199,217.805919
1.0,199,218.388094
1.0,199,218.38817
1.0,199,218.388181
1.0,199,218.388202
1.0,199,218.970713
1.0,199,218.970773
1.0,199,218.970785
1.0,199,218.970796
1.0,199,219.498426
1.0,199,219.498489
1.0,199,219.4985
1.0,199,219.498511
1.0,199,220.053962
1.0,199,220.054029
1.0,199,220.05404
1.0,199,220.054048
1.0,199,220.564205
1.0,199,220.564266
1.0,199,220.564278
1.0,199,220.564286
1.0,199,221.078094
1.0,199,221.078157
1.0,199,221.078169
1.0,199,221.078178
1.0,199,221.600113
1.0,199,221.60018
1.0,199,221.600191
1.0,199,221.6002
1.0,199,222.106979
1.0,199,222.107049
1.0,199,222.10706
1.0,199,222.107069
1.0,199,222.609373
1.0,199,222.609448
1.0,199,222.609459
1.0,199,222.609467
1.0,199,223.153797
1.0,199,223.153852
1.0,199,223.153862
1.0,199,223.153869
1.0,199,223.658574
1.0,199,223.658628
1.0,199,223.658637
1.0,199,223.658644
1.0,199,224.170319
1.0,199,224.170374
1.0,199,224.170386
1.0,199,224.170393
1.0,199,224.674007
1.0,199,224.674073
1.0,199,224.674082
1.0,199,224.67409
1.0,199,225.180776
1.0,199,225.180833
1.0,199,225.180843
1.0,199,225.18085
1.0,199,225.686248
1.0,199,225.686303
1.0,199,225.686312
1.0,199,225.686319
1.0,199,226.184239
1.0,199,226.184297
1.0,199,226.184306
1.0,199,226.184313
1.0,199,226.688486
1.0,199,226.688542
1.0,199,226.688552
1.0,199,226.688559
1.0,199,227.192286
1.0,199,227.192349
1.0,199,227.19236
1.0,199,227.192367
1.0,199,227.694309
1.0,199,227.694375
1.0,199,227.694385
1.0,199,227.694392
1.0,199,228.19417
1.0,199,228.194239
1.0,199,228.194249
1.0,199,228.194256
1.0,199,228.693941
1.0,199,228.694001
1.0,199,228.694013
1.0,199,228.69402
1.0,199,229.220773
1.0,199,229.220837
1.0,199,229.220845
1.0,199,229.220852
1.0,199,229.743217
1.0,199,229.743275
1.0,199,229.743284
1.0,199,229.743291
1.0,199,230.301023
1.0,199,230.301067
1.0,199,230.301077
1.0,199,230.301083
1.0,199,230.916147
1.0,199,230.916196
1.0,199,230.916206
1.0,199,230.916212
1.0,199,231.430382
1.0,199,231.430445
1.0,199,231.430455
1.0,199,231.430461
1.0,199,231.943074
1.0,199,231.943127
1.0,199,231.943137
1.0,199,231.943143
1.0,199,232.527109
1.0,199,232.527164
1.0,199,232.527173
1.0,199,232.52718
1.0,199,233.1042
1.0,199,233.104259
1.0,199,233.104274
1.0,199,233.104281
1.0,199,233.650508
1.0,199,233.650565
1.0,199,233.650574
1.0,199,233.650581
1.0,199,234.348541
1.0,199,234.348609
1.0,199,234.348619
1.0,199,234.348626
1.0,199,234.933186
1.0,199,234.933253
1.0,199,234.933263
1.0,199,234.93327
1.0,199,235.548816
1.0,199,235.548878
1.0,199,235.548888
1.0,199,235.548896
1.0,199,236.080152
1.0,199,236.080214
1.0,199,236.080224
1.0,199,236.080231
1.0,199,236.629935
1.0,199,236.630002
1.0,199,236.630013
1.0,199,236.630019
1.0,199,237.216755
1.0,199,237.216816
1.0,199,237.216825
1.0,199,237.216832
1.0,199,237.804145
1.0,199,237.804205
1.0,199,237.804215
1.0,199,237.804222
1.0,199,238.400448
1.0,199,238.400508
1.0,199,238.400518
1.0,199,238.400524
1.0,199,238.98026
1.0,199,238.980326
1.0,199,238.980335
1.0,199,238.980342
1.0,199,239.592545
1.0,199,239.592609
1.0,199,239.59262
1.0,199,239.592629
1.0,199,240.151738
1.0,199,240.154963
1.0,199,240.154995
1.0,199,240.155004
1.0,199,240.731287
1.0,199,240.731347
1.0,199,240.731356
1.0,199,240.731363
1.0,199,241.289473
1.0,199,241.289522
1.0,199,241.289532
1.0,199,241.289539
2.0,199,241.834753
2.0,199,241.834811
1.0,199,241.834821
2.0,199,241.834828
2.0,199,242.356259
2.0,199,242.35632
2.0,199,242.356332
2.0,199,242.356339
3.0,199,242.889071
2.0,199,242.88913
2.0,199,242.889139
2.0,199,242.889146
3.0,199,243.425037
2.0,199,243.425088
3.0,199,243.425098
2.0,199,243.425106
3.0,199,243.955213
5.0,199,243.955271
4.0,199,243.95528
5.0,199,243.955287
5.0,199,244.487089
6.0,199,244.487129
6.0,199,244.487139
6.0,199,244.487145
5.0,199,245.020334
3.0,199,245.0204
3.0,199,245.020409
4.0,199,245.020416
6.0,199,245.591842
6.0,199,245.591904
6.0,199,245.591913
3.0,199,245.591921
9.0,199,246.122644
9.0,199,246.122699
1.0,199,246.122708
4.0,199,246.122715
3.0,199,246.64727
9.0,199,246.65329
3.0,199,246.653602
9.0,199,246.653619
4.0,199,247.171509
3.0,199,247.171581
12.0,199,247.171592
4.0,199,247.171601
9.0,199,247.695109
10.0,199,247.695172
10.0,199,247.695183
10.0,199,247.695192
10.0,199,248.228339
8.0,199,248.228405
10.0,199,248.228419
11.0,199,248.228428
8.0,199,248.749362
10.0,199,248.749433
10.0,199,248.749444
9.0,199,248.749453
8.0,199,249.266276
12.0,199,249.26634
8.0,199,249.266352
10.0,199,249.266363
9.0,199,249.784823
8.0,199,249.784886
11.0,199,249.784898
9.0,199,249.784907
9.0,199,250.299383
10.0,199,250.299428
9.0,199,250.299442
11.0,199,250.299453
9.0,199,250.845242
9.0,199,250.845322
8.0,199,250.845334
10.0,199,250.845341
9.0,199,251.359481
9.0,199,251.359545
8.0,199,251.359555
6.0,199,251.359563
7.0,199,251.872904
9.0,199,251.872966
9.0,199,251.872976
7.0,199,251.872983
10.0,199,252.391898
9.0,199,252.391959
10.0,199,252.391968
7.0,199,252.391975
6.0,199,252.92665
7.0,199,252.92671
7.0,199,252.926719
11.0,199,252.926726
9.0,199,253.453545
5.0,199,253.453608
9.0,199,253.453617
7.0,199,253.453624
6.0,199,253.978696
9.0,199,253.978759
9.0,199,253.978768
9.0,199,253.978775
8.0,199,254.497341
8.0,199,254.497408
9.0,199,254.497417
6.0,199,254.497424
6.0,199,255.019496
9.0,199,255.019549
9.0,199,255.019559
8.0,199,255.019565
5.0,199,255.538594
8.0,199,255.538655
8.0,199,255.538665
8.0,199,255.538672
7.0,199,256.056501
8.0,199,256.056562
5.0,199,256.056572
9.0,199,256.056579
10.0,199,256.624154
8.0,199,256.624211
5.0,199,256.624221
5.0,199,256.62423
8.0,199,257.135302
9.0,199,257.135365
6.0,199,257.135374
7.0,199,257.135381
6.0,199,257.642963
8.0,199,257.643021
8.0,199,257.64303
8.0,199,257.643038
8.0,199,258.147348
9.0,199,258.147405
8.0,199,258.147414
9.0,199,258.14742
7.0,199,258.661081
6.0,199,258.661141
8.0,199,258.66115
8.0,199,258.661158
8.0,199,259.16379
7.0,199,259.163851
6.0,199,259.16386
7.0,199,259.163867
4.0,199,259.675995
6.0,199,259.676054
10.0,199,259.676063
8.0,199,259.67607
8.0,199,260.182054
7.0,199,260.182107
7.0,199,260.182116
6.0,199,260.182123
7.0,199,260.69478
7.0,199,260.694843
6.0,199,260.694852
8.0,199,260.69486
7.0,199,261.204362
8.0,199,261.207715
6.0,199,261.207733
5.0,199,261.207741
7.0,199,261.746324
6.0,199,261.746381
6.0,199,261.74639
7.0,199,261.746396
5.0,199,262.27237
4.0,199,262.272431
5.0,199,262.272442
7.0,199,262.272449
8.0,199,262.847104
4.0,199,262.847167
7.0,199,262.847177
7.0,199,262.847183
5.0,199,263.430311
7.0,199,263.430367
7.0,199,263.430376
6.0,199,263.430383
7.0,199,263.999543
5.0,199,263.999606
6.0,199,263.999616
6.0,199,263.999623
9.0,199,264.540413
7.0,199,264.54047
8.0,199,264.54048
7.0,199,264.540487
8.0,199,265.076699
7.0,199,265.076758
7.0,199,265.076767
6.0,199,265.076773
8.0,199,265.632586
7.0,199,265.632647
5.0,199,265.632657
6.0,199,265.632663
7.0,199,266.204665
9.0,199,266.210552
7.0,199,266.210596
6.0,199,266.210605
7.0,199,266.790455
9.0,199,266.790513
5.0,199,266.790523
5.0,199,266.79053
7.0,199,267.342652
8.0,199,267.34271
9.0,199,267.34272
7.0,199,267.342726
5.0,199,267.873532
6.0,199,267.873595
5.0,199,267.873605
7.0,199,267.873612
6.0,199,268.412954
7.0,199,268.413015
5.0,199,268.413025
6.0,199,268.413032
6.0,199,268.946733
6.0,199,268.9468
6.0,199,268.946809
6.0,199,268.946815
6.0,199,269.520365
5.0,199,269.520421
5.0,199,269.520434
6.0,199,269.520441
5.0,199,270.066987
5.0,199,270.067043
5.0,199,270.067053
5.0,199,270.06706
5.0,199,270.607391
8.0,199,270.607446
7.0,199,270.607456
5.0,199,270.607463
4.0,199,271.127247
6.0,199,271.127314
6.0,199,271.127324
6.0,199,271.12733
7.0,199,271.650461
4.0,199,271.650524
6.0,199,271.650534
7.0,199,271.650541
6.0,199,272.170676
7.0,199,272.174457
5.0,199,272.174493
5.0,199,272.174502
5.0,199,272.835232
9.0,199,272.835348
6.0,199,272.835373
5.0,199,272.835394
7.0,199,273.419132
6.0,199,273.4192
4.0,199,273.419211
5.0,199,273.41922
8.0,199,273.994626
5.0,199,273.994689
4.0,199,273.9947
6.0,199,273.994708
5.0,199,274.543536
4.0,199,274.543601
7.0,199,274.543612
4.0,199,274.54362
3.0,199,275.142351
5.0,199,275.142419
2.0,199,275.142431
2.0,199,275.142439
2.0,199,275.726811
7.0,199,275.726878
4.0,199,275.72689
3.0,199,275.726899
3.0,199,276.310725
3.0,199,276.310788
3.0,199,276.310799
5.0,199,276.310808
3.0,199,276.867899
5.0,199,276.867979
4.0,199,276.867992
3.0,199,276.868001
5.0,199,277.394121
1.0,199,277.394192
3.0,199,277.394207
5.0,199,277.394215
2.0,199,277.923499
3.0,199,277.923567
2.0,199,277.923578
3.0,199,277.923587
4.0,199,278.443245
5.0,199,278.443306
3.0,199,278.443317
4.0,199,278.44334
6.0,199,278.963613
5.0,199,278.963666
3.0,199,278.963676
4.0,199,278.963683
5.0,199,279.481967
2.0,199,279.482023
5.0,199,279.482032
4.0,199,279.482039
5.0,199,280.00556
5.0,199,280.005623
6.0,199,280.005632
5.0,199,280.005639
5.0,199,280.547339
5.0,199,280.547409
4.0,199,280.547419
4.0,199,280.547426
6.0,199,281.095197
5.0,199,281.095259
5.0,199,281.095269
5.0,199,281.095276
6.0,199,281.642432
5.0,199,281.642495
4.0,199,281.642505
6.0,199,281.642511
5.0,199,282.159256
6.0,199,282.159324
5.0,199,282.159334
7.0,199,282.159341
6.0,199,282.77109
5.0,199,282.771153
6.0,199,282.771163
7.0,199,282.77117
5.0,199,283.314639
6.0,199,283.314708
6.0,199,283.314718
5.0,199,283.314725
5.0,199,283.828324
5.0,199,283.828386
5.0,199,283.828397
5.0,199,283.828404
5.0,199,284.352593
6.0,199,284.352646
6.0,199,284.352656
5.0,199,284.352663
5.0,199,284.878695
5.0,199,284.878781
5.0,199,284.878791
5.0,199,284.878798
6.0,199,285.392963
7.0,199,285.393013
6.0,199,285.393022
5.0,199,285.393029
6.0,199,285.905702
5.0,199,285.905761
5.0,199,285.905771
6.0,199,285.905779
5.0,199,286.420663
6.0,199,286.420726
7.0,199,286.420738
6.0,199,286.420744
5.0,199,286.938898
7.0,199,286.938955
5.0,199,286.938965
7.0,199,286.938972
6.0,199,287.449051
5.0,199,287.449111
6.0,199,287.449121
6.0,199,287.449128
7.0,199,287.966847
5.0,199,287.966901
8.0,199,287.96691
8.0,199,287.96692
7.0,199,288.481531
6.0,199,288.481594
7.0,199,288.481605
6.0,199,288.481612
5.0,199,289.005244
7.0,199,289.005305
5.0,199,289.005315
4.0,199,289.005322
7.0,199,289.528374
5.0,199,289.528433
6.0,199,289.528443
6.0,199,289.52845
5.0,199,290.046599
7.0,199,290.046666
4.0,199,290.046675
6.0,199,290.046682
5.0,199,290.568337
6.0,199,290.568402
5.0,199,290.568412
5.0,199,290.568419
5.0,199,291.084405
5.0,199,291.084471
4.0,199,291.08448
7.0,199,291.084487
5.0,199,291.597459
5.0,199,291.597517
6.0,199,291.597527
7.0,199,291.597533
4.0,199,292.109263
6.0,199,292.109324
5.0,199,292.109336
5.0,199,292.109342
6.0,199,292.617709
6.0,199,292.617767
5.0,199,292.617777
5.0,199,292.617784
5.0,199,293.140806
5.0,199,293.14087
6.0,199,293.140879
5.0,199,293.140886
5.0,199,293.665464
5.0,199,293.665528
4.0,199,293.665538
6.0,199,293.665545
5.0,199,294.186496
3.0,199,294.186564
5.0,199,294.186577
5.0,199,294.186583
5.0,199,294.708164
4.0,199,294.708224
4.0,199,294.708233
4.0,199,294.70824
6.0,199,295.226295
3.0,199,295.226353
5.0,199,295.226362
5.0,199,295.226369
4.0,199,295.744009
5.0,199,295.744066
4.0,199,295.744075
3.0,199,295.744082
5.0,199,296.263223
3.0,199,296.275957
4.0,199,296.276005
4.0,199,296.276013
4.0,199,296.812361
5.0,199,296.812426
4.0,199,296.812436
5.0,199,296.812445
4.0,199,297.32098
3.0,199,297.321039
4.0,199,297.321049
4.0,199,297.321056
3.0,199,297.824546
4.0,199,297.8246
5.0,199,297.82461
3.0,199,297.824617
5.0,199,298.332369
4.0,199,298.332426
3.0,199,298.332436
4.0,199,298.332442
3.0,199,298.840521
3.0,199,298.840587
4.0,199,298.840596
4.0,199,298.840603
2.0,199,299.353844
5.0,199,299.353907
4.0,199,299.35392
4.0,199,299.353927
2.0,199,299.866071
5.0,199,299.866128
3.0,199,299.866138
3.0,199,299.866144
2.0,199,300.378601
2.0,199,300.378667
2.0,199,300.378676
2.0,199,300.378685
4.0,199,300.897726
4.0,199,300.897788
2.0,199,300.897797
3.0,199,300.897804
2.0,199,301.416485
1.0,199,301.416557
3.0,199,301.416566
3.0,199,301.416573
4.0,199,301.925619
2.0,199,301.925681
3.0,199,301.92569
2.0,199,301.925697
3.0,199,302.431104
2.0,199,302.431161
1.0,199,302.43117
3.0,199,302.431178
3.0,199,302.940017
3.0,199,302.940076
2.0,199,302.940085
1.0,199,302.940092
3.0,199,303.451916
1.0,199,303.451991
2.0,199,303.452
2.0,199,303.45201
1.0,199,303.971618
1.0,199,303.971679
2.0,199,303.971688
2.0,199,303.971694
3.0,199,304.647913
2.0,199,304.64889
1.0,199,304.648909
2.0,199,304.648921
2.0,199,305.198522
3.0,199,305.198588
1.0,199,305.198599
3.0,199,305.198607
2.0,199,305.729756
1.0,199,305.729815
2.0,199,305.729824
4.0,199,305.729831
2.0,199,306.301475
1.0,199,306.301533
2.0,199,306.301543
1.0,199,306.301549
2.0,199,306.834787
2.0,199,306.834863
3.0,199,306.834876
1.0,199,306.834884
2.0,199,307.359382
2.0,199,307.359447
2.0,199,307.359461
1.0,199,307.35947
2.0,199,307.935642
1.0,199,307.935721
2.0,199,307.935736
2.0,199,307.935745
2.0,199,308.465509
2.0,199,308.465582
2.0,199,308.465594
1.0,199,308.465602
1.0,199,308.994513
2.0,199,308.994585
2.0,199,308.994596
2.0,199,308.994604
2.0,199,309.519709
2.0,199,309.519777
1.0,199,309.519788
1.0,199,309.519797
1.0,199,310.049129
1.0,199,310.049211
2.0,199,310.049222
2.0,199,310.049231
1.0,199,310.593599
1.0,199,310.593675
2.0,199,310.593692
1.0,199,310.5937
1.0,199,311.20701
1.0,199,311.208485
1.0,199,311.208501
1.0,199,311.208509
1.0,199,311.774764
1.0,199,311.774831
2.0,199,311.774846
2.0,199,311.774854
1.0,199,312.289946
1.0,199,312.290006
2.0,199,312.290018
1.0,199,312.290026
1.0,199,312.867688
2.0,199,312.867746
1.0,199,312.867757
1.0,199,312.867765
2.0,199,313.407796
1.0,199,313.407881
1.0,199,313.407899
1.0,199,313.407911
1.0,199,313.930411
1.0,199,313.930478
1.0,199,313.930489
2.0,199,313.930501
2.0,199,314.483364
1.0,199,314.483431
1.0,199,314.483442
1.0,199,314.483451
1.0,199,315.044885
1.0,199,315.044951
2.0,199,315.044962
1.0,199,315.04497
1.0,199,315.562137
1.0,199,315.5622
1.0,199,315.562211
1.0,199,315.562219
1.0,199,316.077692
2.0,199,316.07775
1.0,199,316.077761
1.0,199,316.077769
1.0,199,316.628698
1.0,199,316.628761
1.0,199,316.628773
1.0,199,316.628781
1.0,199,317.167109
2.0,199,317.167174
2.0,199,317.167185
1.0,199,317.167196
1.0,199,317.690815
1.0,199,317.690874
1.0,199,317.690885
1.0,199,317.690894
1.0,199,318.250381
1.0,199,318.250449
1.0,199,318.250463
1.0,199,318.250471
1.0,199,318.794547
1.0,199,318.794632
1.0,199,318.794644
1.0,199,318.794652
1.0,199,319.338711
1.0,199,319.338772
1.0,199,319.338783
2.0,199,319.338793
1.0,199,319.726384
1.0,199,319.726448
1.0,199,319.72646
1.0,199,319.726468
2.0,199,320.2661
1.0,199,320.266166
1.0,199,320.266178
1.0,199,320.266186
1.0,199,320.798306
1.0,199,320.798374
1.0,199,320.798386
1.0,199,320.798394
1.0,199,321.326453
1.0,199,321.326516
1.0,199,321.326527
1.0,199,321.326536
1.0,199,321.851806
1.0,199,321.851862
1.0,199,321.851873
1.0,199,321.851885
1.0,199,322.374564
1.0,199,322.374626
1.0,199,322.374638
1.0,199,322.374646
2.0,199,322.914828
1.0,199,322.914896
1.0,199,322.914907
1.0,199,322.914915
1.0,199,323.456292
1.0,199,323.456363
1.0,199,323.456375
1.0,199,323.456384
1.0,199,324.012765
1.0,199,324.012832
1.0,199,324.012843
1.0,199,324.012854
1.0,199,324.556831
1.0,199,324.556898
1.0,199,324.556909
1.0,199,324.556917
1.0,199,325.095863
1.0,199,325.095926
1.0,199,325.095937
1.0,199,325.095945
1.0,199,325.645027
1.0,199,325.645095
1.0,199,325.645106
1.0,199,325.645115
1.0,199,326.216262
1.0,199,326.216327
1.0,199,326.216338
1.0,199,326.216351
1.0,199,326.755804
1.0,199,326.75587
1.0,199,326.755882
1.0,199,326.75589
1.0,199,327.283062
1.0,199,327.283139
1.0,199,327.283155
1.0,199,327.283164
1.0,199,327.818478
1.0,199,327.818539
1.0,199,327.81855
1.0,199,327.818558
1.0,199,328.348023
1.0,199,328.348088
1.0,199,328.348099
1.0,199,328.348107
1.0,199,328.871489
1.0,199,328.871558
1.0,199,328.87157
1.0,199,328.871578
1.0,199,329.389647
1.0,199,329.389712
1.0,199,329.389723
1.0,199,329.389732
1.0,199,329.940169
1.0,199,329.94023
1.0,199,329.940241
1.0,199,329.94025
1.0,199,330.488538
1.0,199,330.488607
1.0,199,330.488619
1.0,199,330.488627
1.0,199,331.020464
1.0,199,331.020524
1.0,199,331.020538
1.0,199,331.020546
1.0,199,331.549782
1.0,199,331.549848
1.0,199,331.549859
1.0,199,331.549867
1.0,199,332.092098
1.0,199,332.092164
1.0,199,332.092176
1.0,199,332.092189
1.0,199,332.633359
1.0,199,332.633417
1.0,199,332.633428
1.0,199,332.633436
1.0,199,333.154268
1.0,199,333.154337
1.0,199,333.154366
1.0,199,333.154374
1.0,199,333.678458
1.0,199,333.678524
1.0,199,333.678533
1.0,199,333.678539
1.0,199,334.199617
1.0,199,334.199671
1.0,199,334.199681
1.0,199,334.199687
1.0,199,334.715181
1.0,199,334.715243
1.0,199,334.715253
1.0,199,334.715259
1.0,199,335.232572
1.0,199,335.232632
1.0,199,335.232641
1.0,199,335.232648
1.0,199,335.748322
1.0,199,335.748371
1.0,199,335.74838
1.0,199,335.748391
1.0,199,336.2671
1.0,199,336.267156
1.0,199,336.267167
1.0,199,336.267174
1.0,199,336.773334
1.0,199,336.773398
1.0,199,336.773412
1.0,199,336.773422
1.0,199,337.277737
1.0,199,337.277808
1.0,199,337.277819
1.0,199,337.27783
1.0,199,337.786834
1.0,199,337.786898
1.0,199,337.786909
1.0,199,337.786918
1.0,199,338.295153
1.0,199,338.295223
1.0,199,338.295234
1.0,199,338.295242
1.0,199,338.801446
1.0,199,338.801509
1.0,199,338.801521
1.0,199,338.801529
1.0,199,339.303528
1.0,199,339.303596
1.0,199,339.303607
1.0,199,339.303615
1.0,199,339.812225
1.0,199,339.812289
1.0,199,339.8123
1.0,199,339.812309
1.0,199,340.379646
1.0,199,340.379727
1.0,199,340.379739
1.0,199,340.379748
1.0,199,340.887297
1.0,199,340.887369
1.0,199,340.88738
1.0,199,340.887388
1.0,199,341.39555
1.0,199,341.395614
1.0,199,341.395625
1.0,199,341.395634
1.0,199,341.905199
1.0,199,341.907966
1.0,199,341.907985
1.0,199,341.907994
1.0,199,342.412127
1.0,199,342.412209
1.0,199,342.412223
1.0,199,342.412231
1.0,199,342.921521
1.0,199,342.921583
1.0,199,342.921597
1.0,199,342.921606
1.0,199,343.424064
1.0,199,343.424131
1.0,199,343.424142
1.0,199,343.42415
1.0,199,343.930287
1.0,199,343.930354
1.0,199,343.930365
1.0,199,343.930373
1.0,199,344.433868
1.0,199,344.43394
1.0,199,344.433953
1.0,199,344.433961
1.0,199,344.941052
2.0,199,344.941124
1.0,199,344.941135
1.0,199,344.941144
1.0,199,345.447689
2.0,199,345.447778
2.0,199,345.447803
1.0,199,345.447813
2.0,199,345.954024
2.0,199,345.954085
2.0,199,345.954096
2.0,199,345.954105
5.0,199,346.483416
2.0,199,346.486245
2.0,199,346.486271
2.0,199,346.486281
3.0,199,347.032464
4.0,199,347.032531
4.0,199,347.032542
3.0,199,347.032551
6.0,199,347.567523
6.0,199,347.567589
8.0,199,347.5676
6.0,199,347.567609
6.0,199,348.092653
3.0,199,348.09272
5.0,199,348.092732
7.0,199,348.09274
9.0,199,348.612239
5.0,199,348.612307
4.0,199,348.612322
4.0,199,348.612335
4.0,199,349.130333
9.0,199,349.1304
7.0,199,349.130413
7.0,199,349.130422
8.0,199,349.64777
6.0,199,349.647831
4.0,199,349.647842
4.0,199,349.647851
5.0,199,350.161111
8.0,199,350.161176
5.0,199,350.161188
6.0,199,350.161196
4.0,199,350.689016
7.0,199,350.689083
5.0,199,350.689094
6.0,199,350.689103
6.0,199,351.204481
7.0,199,351.204542
9.0,199,351.204557
4.0,199,351.204566
5.0,199,351.716314
5.0,199,351.71638
5.0,199,351.716391
6.0,199,351.7164
6.0,199,352.236542
6.0,199,352.236603
4.0,199,352.236614
7.0,199,352.236622
7.0,199,352.781479
4.0,199,352.781548
7.0,199,352.781559
6.0,199,352.781567
6.0,199,353.318038
5.0,199,353.318099
8.0,199,353.318111
6.0,199,353.318119
4.0,199,353.861358
5.0,199,353.861423
5.0,199,353.861438
5.0,199,353.861447
6.0,199,354.383018
4.0,199,354.383082
6.0,199,354.383094
6.0,199,354.383103
5.0,199,354.904697
4.0,199,354.90476
6.0,199,354.904772
7.0,199,354.904781
6.0,199,355.423835
7.0,199,355.423897
7.0,199,355.423909
6.0,199,355.423917
5.0,199,355.961083
5.0,199,355.961148
6.0,199,355.961159
8.0,199,355.961169
4.0,199,356.549126
6.0,199,356.549187
6.0,199,356.549198
5.0,199,356.549207
4.0,199,357.158708
7.0,199,357.15877
5.0,199,357.158781
5.0,199,357.15879
5.0,199,357.715454
5.0,199,357.715529
7.0,199,357.71554
7.0,199,357.715551
7.0,199,358.293016
6.0,199,358.293075
5.0,199,358.293087
4.0,199,358.293095
7.0,199,358.868205
6.0,199,358.868277
4.0,199,358.868288
5.0,199,358.868297
6.0,199,359.482375
7.0,199,359.482448
7.0,199,359.48246
5.0,199,359.482469
5.0,199,360.038491
7.0,199,360.038565
5.0,199,360.038576
5.0,199,360.038584
6.0,199,360.626561
4.0,199,360.626624
6.0,199,360.626635
4.0,199,360.626642
6.0,199,361.185909
4.0,199,361.185971
6.0,199,361.185988
6.0,199,361.185995
5.0,199,361.772129
7.0,199,361.772196
6.0,199,361.772205
5.0,199,361.772211
7.0,199,362.297665
4.0,199,362.297732
6.0,199,362.297742
7.0,199,362.297749
8.0,199,362.820809
5.0,199,362.820876
5.0,199,362.820885
6.0,199,362.820891
6.0,199,363.359011
7.0,199,363.359075
8.0,199,363.359085
6.0,199,363.359092
5.0,199,363.953327
7.0,199,363.953392
7.0,199,363.953401
7.0,199,363.953408
6.0,199,364.481747
5.0,199,364.481806
5.0,199,364.481815
7.0,199,364.481822
2.0,199,365.059475
7.0,199,365.05953
6.0,199,365.05954
8.0,199,365.059547
9.0,199,365.621695
3.0,199,365.621756
2.0,199,365.621765
7.0,199,365.621772
8.0,199,366.148607
8.0,199,366.148665
6.0,199,366.148674
6.0,199,366.148681
8.0,199,366.660214
9.0,199,366.660286
8.0,199,366.660299
6.0,199,366.660307
5.0,199,367.170433
6.0,199,367.170497
7.0,199,367.170508
9.0,199,367.170517
7.0,199,367.686123
9.0,199,367.686184
7.0,199,367.686196
7.0,199,367.686204
9.0,199,368.213376
7.0,199,368.213436
6.0,199,368.213448
7.0,199,368.213456
9.0,199,368.726007
3.0,199,368.726071
9.0,199,368.726082
7.0,199,368.72609
3.0,199,369.257402
4.0,199,369.25747
8.0,199,369.257481
9.0,199,369.25749
6.0,199,369.788608
3.0,199,369.788668
7.0,199,369.788683
7.0,199,369.788691
8.0,199,370.338151
8.0,199,370.33822
6.0,199,370.338231
8.0,199,370.33824
6.0,199,370.877152
7.0,199,370.877217
9.0,199,370.877228
8.0,199,370.877236
4.0,199,371.407426
7.0,199,371.407492
8.0,199,371.407504
6.0,199,371.407512
7.0,199,371.932362
6.0,199,371.932426
5.0,199,371.932437
6.0,199,371.932445
5.0,199,372.450906
3.0,199,372.45097
7.0,199,372.450982
6.0,199,372.450991
7.0,199,372.967103
6.0,199,372.967171
4.0,199,372.967182
4.0,199,372.967191
6.0,199,373.489284
6.0,199,373.489347
8.0,199,373.489359
4.0,199,373.489368
7.0,199,374.005933
4.0,199,374.00599
4.0,199,374.006001
4.0,199,374.00601
4.0,199,374.523568
6.0,199,374.523632
8.0,199,374.523643
1.0,199,374.523652
6.0,199,375.037593
6.0,199,375.037661
7.0,199,375.037672
6.0,199,375.037681
4.0,199,375.557563
8.0,199,375.557626
6.0,199,375.557637
6.0,199,375.557645
7.0,199,376.079655
6.0,199,376.079718
5.0,199,376.079729
5.0,199,376.079737
4.0,199,376.59591
5.0,199,376.595981
4.0,199,376.595998
5.0,199,376.596007
5.0,199,377.109294
4.0,199,377.109355
5.0,199,377.109366
5.0,199,377.109375
8.0,199,377.616883
3.0,199,377.616947
4.0,199,377.616958
3.0,199,377.616967
6.0,199,378.119907
5.0,199,378.119971
4.0,199,378.119982
5.0,199,378.119991
4.0,199,378.632644
4.0,199,378.632719
4.0,199,378.632731
5.0,199,378.63274
5.0,199,379.152593
4.0,199,379.152659
4.0,199,379.152671
5.0,199,379.152679
5.0,199,379.67473
6.0,199,379.674794
4.0,199,379.674805
4.0,199,379.674818
7.0,199,380.214505
5.0,199,380.214567
7.0,199,380.214581
5.0,199,380.21459
5.0,199,380.759642
6.0,199,380.759712
7.0,199,380.759724
6.0,199,380.759732
8.0,199,381.285659
5.0,199,381.285744
9.0,199,381.285768
7.0,199,381.285777
7.0,199,381.820377
8.0,199,381.820432
7.0,199,381.820444
7.0,199,381.820452
8.0,199,382.350455
7.0,199,382.350519
9.0,199,382.350531
9.0,199,382.350539
5.0,199,382.887813
6.0,199,382.887881
8.0,199,382.887892
7.0,199,382.8879
8.0,199,383.421131
7.0,199,383.421196
6.0,199,383.421207
8.0,199,383.421216
8.0,199,383.959108
8.0,199,383.959174
5.0,199,383.959186
5.0,199,383.959195
7.0,199,384.508685
5.0,199,384.508749
7.0,199,384.50876
7.0,199,384.508769
7.0,199,385.037005
7.0,199,385.037072
7.0,199,385.037084
6.0,199,385.037092
5.0,199,385.578215
8.0,199,385.578274
5.0,199,385.578286
6.0,199,385.578294
4.0,199,386.118176
6.0,199,386.118239
6.0,199,386.11825
5.0,199,386.118258
7.0,199,386.660816
8.0,199,386.660884
6.0,199,386.660895
8.0,199,386.660903
5.0,199,387.184913
7.0,199,387.184978
6.0,199,387.184989
7.0,199,387.184998
6.0,199,387.711358
7.0,199,387.711424
7.0,199,387.71145
5.0,199,387.711458
6.0,199,388.246927
7.0,199,388.247006
6.0,199,388.247016
7.0,199,388.247023
5.0,199,388.775501
6.0,199,388.775561
6.0,199,388.77557
6.0,199,388.775577
8.0,199,389.300621
7.0,199,389.300679
8.0,199,389.30069
9.0,199,389.300697
5.0,199,389.833809
7.0,199,389.833868
9.0,199,389.833879
8.0,199,389.833887
6.0,199,390.352675
7.0,199,390.352734
7.0,199,390.352743
6.0,199,390.35275
8.0,199,390.870987
6.0,199,390.87105
5.0,199,390.871063
8.0,199,390.87107
6.0,199,391.45888
8.0,199,391.458938
5.0,199,391.458948
8.0,199,391.458954
7.0,199,391.979947
5.0,199,391.980014
7.0,199,391.980026
7.0,199,391.980033
6.0,199,392.537474
8.0,199,392.537534
5.0,199,392.537545
7.0,199,392.537551
6.0,199,393.091673
6.0,199,393.091737
7.0,199,393.091747
7.0,199,393.091757
6.0,199,393.646799
7.0,199,393.64687
7.0,199,393.64688
6.0,199,393.646891
6.0,199,394.163801
7.0,199,394.163865
7.0,199,394.163874
6.0,199,394.163884
7.0,199,394.70348
7.0,199,394.703535
7.0,199,394.703545
6.0,199,394.703552
7.0,199,395.233371
5.0,199,395.233426
5.0,199,395.233435
6.0,199,395.233442
7.0,199,395.751721
7.0,199,395.751776
5.0,199,395.751785
4.0,199,395.751792
6.0,199,396.267
5.0,199,396.267068
7.0,199,396.267077
6.0,199,396.267084
4.0,199,396.797167
5.0,199,396.797231
5.0,199,396.797244
6.0,199,396.797253
7.0,199,397.322917
7.0,199,397.32298
8.0,199,397.322991
7.0,199,397.322999
7.0,199,397.862395
6.0,199,397.862458
7.0,199,397.862469
8.0,199,397.862478
7.0,199,398.398487
8.0,199,398.398551
7.0,199,398.398562
6.0,199,398.39857
6.0,199,398.935359
8.0,199,398.935439
7.0,199,398.935451
9.0,199,398.93546
7.0,199,399.454038
7.0,199,399.454108
7.0,199,399.454119
8.0,199,399.454128
8.0,199,399.993002
7.0,199,399.993077
7.0,199,399.993089
7.0,199,399.993097
7.0,199,400.514643
7.0,199,400.514715
8.0,199,400.514726
6.0,199,400.514735
7.0,199,401.063095
7.0,199,401.063165
8.0,199,401.063176
7.0,199,401.063185
9.0,199,401.592464
8.0,199,401.592528
7.0,199,401.59254
8.0,199,401.592548
7.0,199,402.144671
7.0,199,402.144734
7.0,199,402.144746
7.0,199,402.144754
7.0,199,402.688753
7.0,199,402.688822
7.0,199,402.688833
7.0,199,402.688841
6.0,199,403.234305
7.0,199,403.234367
7.0,199,403.234379
7.0,199,403.234387
7.0,199,403.770988
7.0,199,403.771053
8.0,199,403.771064
7.0,199,403.771073
7.0,199,404.318175
7.0,199,404.31824
7.0,199,404.318253
6.0,199,404.318261
8.0,199,404.85924
7.0,199,404.859299
7.0,199,404.85931
7.0,199,404.859318
8.0,199,405.397282
8.0,199,405.39735
7.0,199,405.397362
8.0,199,405.39737
7.0,199,405.93229
7.0,199,405.932361
7.0,199,405.932372
7.0,199,405.932384
6.0,199,406.468559
7.0,199,406.468619
7.0,199,406.46863
7.0,199,406.468638
6.0,199,407.004893
7.0,199,407.004958
6.0,199,407.004969
6.0,199,407.004978
6.0,199,407.533117
6.0,199,407.533187
7.0,199,407.533201
7.0,199,407.533212
6.0,199,408.078865
6.0,199,408.078932
6.0,199,408.078944
7.0,199,408.078952
8.0,199,408.612585
7.0,199,408.612651
7.0,199,408.612662
6.0,199,408.61267
5.0,199,409.152741
6.0,199,409.15281
5.0,199,409.152821
7.0,199,409.152829
7.0,199,409.706366
6.0,199,409.718896
7.0,199,409.718945
5.0,199,409.718956
6.0,199,410.25259
7.0,199,410.252656
6.0,199,410.252671
7.0,199,410.25268
4.0,199,410.776784
6.0,199,410.776847
7.0,199,410.776858
4.0,199,410.776866
5.0,199,411.307614
6.0,199,411.307679
6.0,199,411.307691
6.0,199,411.3077
6.0,199,411.837346
6.0,199,411.837405
5.0,199,411.837416
6.0,199,411.837424
7.0,199,412.388437
6.0,199,412.388502
6.0,199,412.388514
6.0,199,412.388523
5.0,199,412.927675
5.0,199,412.927732
6.0,199,412.927743
7.0,199,412.927751
5.0,199,413.451607
6.0,199,413.451685
5.0,199,413.451703
6.0,199,413.451715
6.0,199,413.978239
5.0,199,413.978306
6.0,199,413.978318
6.0,199,413.978327
6.0,199,414.487108
6.0,199,414.487181
8.0,199,414.487192
6.0,199,414.487201
6.0,199,415.012434
5.0,199,415.012496
6.0,199,415.012508
4.0,199,415.012516
6.0,199,415.54648
6.0,199,415.546534
5.0,199,415.546544
6.0,199,415.546553
5.0,199,416.07382
6.0,199,416.073886
6.0,199,416.073896
5.0,199,416.073905
7.0,199,416.621995
6.0,199,416.622054
5.0,199,416.622064
7.0,199,416.62207
5.0,199,417.151716
6.0,199,417.151783
6.0,199,417.151794
7.0,199,417.151801
6.0,199,417.715352
7.0,199,417.715419
6.0,199,417.715428
5.0,199,417.715435
5.0,199,418.26204
7.0,199,418.262102
7.0,199,418.262112
6.0,199,418.262119
4.0,199,418.806755
7.0,199,418.806816
6.0,199,418.806826
5.0,199,418.806833
5.0,199,419.337078
7.0,199,419.337133
5.0,199,419.337142
7.0,199,419.337149
5.0,199,419.855618
5.0,199,419.855672
6.0,199,419.855681
6.0,199,419.855688
6.0,199,420.408333
5.0,199,420.408394
6.0,199,420.408404
3.0,199,420.408411
5.0,199,420.934786
4.0,199,420.934846
3.0,199,420.934855
3.0,199,420.934862
4.0,199,421.457142
3.0,199,421.457195
3.0,199,421.457204
5.0,199,421.457211
5.0,199,421.987777
4.0,199,421.987831
3.0,199,421.987841
5.0,199,421.987848
2.0,199,422.526992
4.0,199,422.527048
3.0,199,422.527058
5.0,199,422.527066
2.0,199,423.067881
2.0,199,423.067935
3.0,199,423.067944
3.0,199,423.067951
1.0,199,423.591739
4.0,199,423.5918
3.0,199,423.591809
2.0,199,423.591816
4.0,199,424.13368
4.0,199,424.133734
2.0,199,424.133743
3.0,199,424.13375
2.0,199,424.665126
1.0,199,424.665185
3.0,199,424.665195
1.0,199,424.665205
1.0,199,425.195655
2.0,199,425.195719
3.0,199,425.195729
2.0,199,425.195736
2.0,199,425.720682
1.0,199,425.720735
1.0,199,425.720744
3.0,199,425.720751
1.0,199,426.108395
1.0,199,426.108451
2.0,199,426.10846
3.0,199,426.108467
1.0,199,426.653319
2.0,199,426.653386
1.0,199,426.653397
2.0,199,426.653406
1.0,199,427.178944
2.0,199,427.179015
1.0,199,427.179027
2.0,199,427.179036
1.0,199,427.697739
2.0,199,427.697808
2.0,199,427.697823
2.0,199,427.697832
1.0,199,428.216358
1.0,199,428.216427
1.0,199,428.216439
1.0,199,428.216447
2.0,199,428.734401
1.0,199,428.734465
3.0,199,428.734476
1.0,199,428.734487
1.0,199,429.250344
2.0,199,429.250414
2.0,199,429.250425
1.0,199,429.250434
1.0,199,429.765043
1.0,199,429.765108
3.0,199,429.76512
3.0,199,429.765129
3.0,199,430.280504
2.0,199,430.280568
4.0,199,430.280579
2.0,199,430.280587
2.0,199,430.800036
2.0,199,430.800099
4.0,199,430.800109
4.0,199,430.800118
3.0,199,431.315031
1.0,199,431.315104
3.0,199,431.315115
2.0,199,431.315123
4.0,199,431.82242
2.0,199,431.822481
4.0,199,431.822492
3.0,199,431.822501
6.0,199,432.326502
3.0,199,432.326569
5.0,199,432.32658
5.0,199,432.326588
3.0,199,432.833514
2.0,199,432.833584
1.0,199,432.833595
1.0,199,432.833604
3.0,199,433.380139
2.0,199,433.380212
2.0,199,433.380226
2.0,199,433.380235
1.0,199,433.905983
1.0,199,433.906049
2.0,199,433.90606
2.0,199,433.906069
3.0,199,434.416701
6.0,199,434.416764
2.0,199,434.416779
1.0,199,434.416787
6.0,199,434.921442
4.0,199,434.921502
3.0,199,434.921513
1.0,199,434.921522
3.0,199,435.433132
1.0,199,435.433197
2.0,199,435.433208
3.0,199,435.433217
2.0,199,435.943316
2.0,199,435.94338
2.0,199,435.943391
1.0,199,435.9434
3.0,199,436.457772
7.0,199,436.457837
5.0,199,436.457849
1.0,199,436.457858
3.0,199,436.971326
5.0,199,436.97139
3.0,199,436.971401
1.0,199,436.971409
2.0,199,437.568883
3.0,199,437.568948
2.0,199,437.568959
2.0,199,437.568968
3.0,199,438.106247
3.0,199,438.106308
3.0,199,438.10632
3.0,199,438.106329
2.0,199,438.623184
3.0,199,438.623256
3.0,199,438.623268
2.0,199,438.623277
2.0,199,439.160406
1.0,199,439.160473
2.0,199,439.160485
1.0,199,439.160496
3.0,199,439.695156
1.0,199,439.695223
3.0,199,439.695235
2.0,199,439.695244
1.0,199,440.229528
2.0,199,440.229605
1.0,199,440.229616
1.0,199,440.229628
2.0,199,440.763666
2.0,199,440.763731
4.0,199,440.763742
3.0,199,440.76375
1.0,199,441.293795
1.0,199,441.293857
2.0,199,441.293868
2.0,199,441.293877
3.0,199,441.821006
4.0,199,441.829895
4.0,199,441.829924
2.0,199,441.829978
2.0,199,442.426882
2.0,199,442.426953
3.0,199,442.42698
4.0,199,442.42699
4.0,199,442.984918
4.0,199,442.984978
4.0,199,442.984987
2.0,199,442.984993
3.0,199,443.550049
3.0,199,443.550105
5.0,199,443.550114
2.0,199,443.550121
5.0,199,444.108381
3.0,199,444.108438
1.0,199,444.108448
5.0,199,444.108455
3.0,199,444.661572
2.0,199,444.663594
2.0,199,444.663623
2.0,199,444.663632
2.0,199,445.201142
1.0,199,445.201206
2.0,199,445.201216
1.0,199,445.201223
2.0,199,445.735281
2.0,199,445.735344
1.0,199,445.735353
1.0,199,445.73536
2.0,199,446.265442
2.0,199,446.265497
1.0,199,446.265506
1.0,199,446.265513
3.0,199,446.825574
3.0,199,446.825635
2.0,199,446.825644
2.0,199,446.825651
1.0,199,447.384637
1.0,199,447.3847
1.0,199,447.384709
2.0,199,447.384716
3.0,199,447.907301
2.0,199,447.907366
2.0,199,447.907376
2.0,199,447.907383
2.0,199,448.428047
1.0,199,448.428105
1.0,199,448.428114
1.0,199,448.428121
2.0,199,448.94686
2.0,199,448.946924
2.0,199,448.946933
1.0,199,448.94694
2.0,199,449.484844
2.0,199,449.485041
1.0,199,449.485071
1.0,199,449.485081
2.0,199,450.02551
1.0,199,450.025572
1.0,199,450.025581
2.0,199,450.025588
3.0,199,450.592328
1.0,199,450.592386
1.0,199,450.592396
1.0,199,450.592403
1.0,199,451.14083
2.0,199,451.140892
1.0,199,451.140902
2.0,199,451.140908
1.0,199,451.690291
1.0,199,451.69035
1.0,199,451.690359
1.0,199,451.690366
1.0,199,452.239584
1.0,199,452.23964
1.0,199,452.239649
1.0,199,452.239656
1.0,199,452.777678
1.0,199,452.77773
1.0,199,452.777739
1.0,199,452.777747
1.0,199,453.333075
1.0,199,453.333129
1.0,199,453.333139
1.0,199,453.333145
2.0,199,453.909081
1.0,199,453.909142
1.0,199,453.909152
1.0,199,453.909159
1.0,199,454.513292
1.0,199,454.513357
1.0,199,454.51337
2.0,199,454.513377
1.0,199,455.068682
1.0,199,455.068747
1.0,199,455.068759
1.0,199,455.068769
1.0,199,455.700346
1.0,199,455.700402
1.0,199,455.700412
1.0,199,455.700419
1.0,199,456.231547
1.0,199,456.231605
2.0,199,456.231617
1.0,199,456.231625
1.0,199,456.792393
1.0,199,456.79247
1.0,199,456.792483
1.0,199,456.792491
1.0,199,457.361929
1.0,199,457.362
1.0,199,457.362012
1.0,199,457.36202
1.0,199,457.913627
1.0,199,457.927986
1.0,199,457.928043
1.0,199,457.928054
1.0,199,458.552065
1.0,199,458.552132
1.0,199,458.552144
1.0,199,458.552154
1.0,199,459.096882
1.0,199,459.096951
2.0,199,459.096962
1.0,199,459.096971
1.0,199,459.635457
1.0,199,459.635533
2.0,199,459.635548
2.0,199,459.635559
1.0,199,460.184123
1.0,199,460.184177
1.0,199,460.184188
1.0,199,460.184196
1.0,199,460.751836
1.0,199,460.752082
1.0,199,460.752102
2.0,199,460.752112
1.0,199,461.391427
2.0,199,461.391481
1.0,199,461.391491
2.0,199,461.3915
1.0,199,462.029719
2.0,199,462.029797
1.0,199,462.029809
1.0,199,462.029818
1.0,199,462.617344
1.0,199,462.617409
1.0,199,462.61742
1.0,199,462.617428
1.0,199,463.179153
1.0,199,463.179214
1.0,199,463.179225
1.0,199,463.179234
1.0,199,463.748195
1.0,199,463.765141
1.0,199,463.765214
1.0,199,463.765231
2.0,199,464.395964
1.0,199,464.396029
2.0,199,464.396041
2.0,199,464.39605
1.0,199,465.002474
1.0,199,465.002532
1.0,199,465.002544
1.0,199,465.002553
1.0,199,465.791237
1.0,199,465.795445
1.0,199,465.795536
1.0,199,465.795557
1.0,199,466.461581
1.0,199,466.464765
1.0,199,466.464809
1.0,199,466.464822
1.0,199,467.161541
1.0,199,467.161607
2.0,199,467.161618
1.0,199,467.161627
1.0,199,467.834147
1.0,199,467.83422
1.0,199,467.834233
1.0,199,467.834242
1.0,199,468.477253
2.0,199,468.477319
1.0,199,468.477331
1.0,199,468.477339
1.0,199,469.100732
1.0,199,469.100803
1.0,199,469.100818
1.0,199,469.100827
1.0,199,469.712003
1.0,199,469.712071
1.0,199,469.712083
1.0,199,469.712092
1.0,199,470.290861
1.0,199,470.290923
1.0,199,470.290934
1.0,199,470.290943
1.0,199,470.871573
1.0,199,470.871639
1.0,199,470.87165
1.0,199,470.871659
1.0,199,471.452765
1.0,199,471.45284
1.0,199,471.452852
1.0,199,471.45286
1.0,199,472.034152
1.0,199,472.034211
1.0,199,472.034222
1.0,199,472.034231
1.0,199,472.617772
1.0,199,472.61784
1.0,199,472.617851
2.0,199,472.617859
1.0,199,473.19477
1.0,199,473.194833
1.0,199,473.194842
1.0,199,473.194849
1.0,199,473.781355
1.0,199,473.781417
1.0,199,473.781426
1.0,199,473.781433
1.0,199,474.388289
1.0,199,474.388353
1.0,199,474.388363
1.0,199,474.38837
1.0,199,474.993159
1.0,199,474.993227
1.0,199,474.993236
1.0,199,474.993243
1.0,199,475.574549
1.0,199,475.574603
2.0,199,475.574612
2.0,199,475.574618
1.0,199,476.161819
1.0,199,476.161861
1.0,199,476.16187
1.0,199,476.161877
1.0,199,476.807551
1.0,199,476.807607
1.0,199,476.807616
1.0,199,476.807623
1.0,199,477.42189
1.0,199,477.421946
1.0,199,477.421955
1.0,199,477.421962
1.0,199,478.017693
1.0,199,478.017756
1.0,199,478.017765
1.0,199,478.017773
1.0,199,478.610499
1.0,199,478.610572
1.0,199,478.610586
1.0,199,478.610593
1.0,199,479.204251
1.0,199,479.204306
1.0,199,479.204316
1.0,199,479.204323
1.0,199,479.796926
1.0,199,479.796993
1.0,199,479.797003
1.0,199,479.79701
1.0,199,480.394711
1.0,199,480.394786
1.0,199,480.394796
1.0,199,480.394806
1.0,199,480.988807
1.0,199,480.988873
1.0,199,480.988883
1.0,199,480.988893
1.0,199,481.57791
1.0,199,481.577972
1.0,199,481.577982
1.0,199,481.577989
1.0,199,482.166829
1.0,199,482.166891
1.0,199,482.1669
1.0,199,482.166907
1.0,199,482.754507
1.0,199,482.754567
1.0,199,482.754576
1.0,199,482.754582
1.0,199,483.335694
1.0,199,483.335753
1.0,199,483.335762
1.0,199,483.335769
1.0,199,483.928534
1.0,199,483.928604
1.0,199,483.928613
1.0,199,483.92862
1.0,199,484.512672
1.0,199,484.51273
1.0,199,484.512739
1.0,199,484.512749
1.0,199,485.093884
1.0,199,485.09394
1.0,199,485.093949
1.0,199,485.093956
1.0,199,485.678747
1.0,199,485.678805
1.0,199,485.678814
1.0,199,485.678822
1.0,199,486.272385
1.0,199,486.27245
1.0,199,486.272459
1.0,199,486.272467
1.0,199,486.869121
1.0,199,486.869194
1.0,199,486.869205
1.0,199,486.869218
1.0,199,487.454491
1.0,199,487.45456
1.0,199,487.454571
1.0,199,487.454579
1.0,199,488.037734
1.0,199,488.037799
1.0,199,488.037815
1.0,199,488.037823
1.0,199,488.635747
1.0,199,488.635812
1.0,199,488.635824
1.0,199,488.635833
1.0,199,489.220893
1.0,199,489.220959
1.0,199,489.220974
1.0,199,489.220983
1.0,199,489.804847
1.0,199,489.804914
1.0,199,489.804926
1.0,199,489.804938
1.0,199,490.388458
1.0,199,490.388533
1.0,199,490.388545
1.0,199,490.388553
1.0,199,490.979025
1.0,199,490.993649
1.0,199,490.993719
1.0,199,490.993735
1.0,199,491.57766
1.0,199,491.577727
1.0,199,491.577738
1.0,199,491.577747
1.0,199,492.170448
1.0,199,492.170517
1.0,199,492.170529
1.0,199,492.170539
1.0,199,492.754667
1.0,199,492.754738
1.0,199,492.75475
1.0,199,492.754758
1.0,199,493.344036
1.0,199,493.344106
1.0,199,493.344117
1.0,199,493.344125
1.0,199,493.943757
1.0,199,493.943822
1.0,199,493.943834
1.0,199,493.943842
1.0,199,494.533431
1.0,199,494.533501
1.0,199,494.533516
1.0,199,494.533525
1.0,199,495.121437
1.0,199,495.121505
1.0,199,495.121517
1.0,199,495.121525
1.0,199,495.703142
1.0,199,495.703207
1.0,199,495.703218
1.0,199,495.703226
1.0,199,496.303201
1.0,199,496.303267
1.0,199,496.303279
1.0,199,496.303287
1.0,199,496.902566
1.0,199,496.902631
1.0,199,496.902642
1.0,199,496.902651
1.0,199,497.488675
1.0,199,497.488744
1.0,199,497.488755
1.0,199,497.488763
1.0,199,498.068227
1.0,199,498.068291
1.0,199,498.068304
1.0,199,498.068313
1.0,199,498.656929
1.0,199,498.658189
1.0,199,498.658226
1.0,199,498.658238
1.0,199,499.240959
1.0,199,499.241027
1.0,199,499.241038
1.0,199,499.241046
1.0,199,499.829928
1.0,199,499.830006
1.0,199,499.83002
1.0,199,499.830029
1.0,199,500.40993
1.0,199,500.409997
1.0,199,500.41001
1.0,199,500.410019
1.0,199,501.001626
1.0,199,501.001689
1.0,199,501.0017
1.0,199,501.001709
1.0,199,501.609665
1.0,199,501.609758
1.0,199,501.60977
1.0,199,501.609779
1.0,199,502.199534
1.0,199,502.199597
1.0,199,502.199609
1.0,199,502.199618
1.0,199,502.792176
1.0,199,502.792238
1.0,199,502.792249
1.0,199,502.79226
1.0,199,503.371844
1.0,199,503.371907
1.0,199,503.371918
1.0,199,503.371926
1.0,199,503.967256
1.0,199,503.967325
1.0,199,503.967337
1.0,199,503.967346
1.0,199,504.554209
1.0,199,504.554276
1.0,199,504.554287
1.0,199,504.554296
1.0,199,505.142345
1.0,199,505.142414
1.0,199,505.142426
1.0,199,505.142435
1.0,199,505.727643
1.0,199,505.727706
1.0,199,505.727717
1.0,199,505.727726
1.0,199,506.312118
1.0,199,506.31219
1.0,199,506.312204
1.0,199,506.312213
1.0,199,506.901012
1.0,199,506.901073
1.0,199,506.901084
1.0,199,506.901093
1.0,199,507.490616
1.0,199,507.490687
1.0,199,507.490699
1.0,199,507.490707
1.0,199,508.081481
1.0,199,508.081543
1.0,199,508.081555
1.0,199,508.081564
1.0,199,508.672806
1.0,199,508.672878
1.0,199,508.672891
1.0,199,508.6729
1.0,199,509.259656
1.0,199,509.259717
1.0,199,509.259728
1.0,199,509.259737
1.0,199,509.853033
1.0,199,509.853095
1.0,199,509.853108
1.0,199,509.853118
1.0,199,510.433149
1.0,199,510.4371
1.0,199,510.437151
1.0,199,510.437169
1.0,199,511.024608
1.0,199,511.024674
1.0,199,511.024685
1.0,199,511.024694
1.0,199,511.61643
1.0,199,511.616498
1.0,199,511.616511
1.0,199,511.61652
1.0,199,512.209899
1.0,199,512.209971
1.0,199,512.209986
1.0,199,512.209995
1.0,199,512.7943
1.0,199,512.794365
1.0,199,512.794395
1.0,199,512.794407
1.0,199,513.379858
1.0,199,513.37993
1.0,199,513.379943
1.0,199,513.379952
1.0,199,513.965933
1.0,199,513.965993
1.0,199,513.966004
1.0,199,513.966016
1.0,199,514.580765
1.0,199,514.580824
1.0,199,514.580835
1.0,199,514.580843
1.0,199,515.172391
1.0,199,515.172453
1.0,199,515.172464
1.0,199,515.172472
1.0,199,515.757404
1.0,199,515.757481
1.0,199,515.757493
1.0,199,515.757505
1.0,199,516.342957
1.0,199,516.343023
1.0,199,516.343035
1.0,199,516.343043
1.0,199,516.925983
1.0,199,516.926045
1.0,199,516.926057
1.0,199,516.926065
1.0,199,517.513188
1.0,199,517.513259
1.0,199,517.51327
1.0,199,517.513279
1.0,199,518.104761
1.0,199,518.104825
1.0,199,518.104837
1.0,199,518.104846
1.0,199,518.699447
1.0,199,518.699509
1.0,199,518.699521
1.0,199,518.699529
1.0,199,519.301905
1.0,199,519.301974
1.0,199,519.301988
1.0,199,519.301997
1.0,199,519.904575
1.0,199,519.909623
1.0,199,519.909659
1.0,199,519.909668
1.0,199,520.493611
1.0,199,520.493693
1.0,199,520.493704
1.0,199,520.493713
1.0,199,521.085591
1.0,199,521.085661
1.0,199,521.085672
1.0,199,521.08568
1.0,199,521.676872
1.0,199,521.676936
1.0,199,521.676948
1.0,199,521.676958
1.0,199,522.260034
1.0,199,522.260091
1.0,199,522.260103
1.0,199,522.26011
1.0,199,522.84646
1.0,199,522.846524
1.0,199,522.846536
1.0,199,522.846544
1.0,199,523.430798
1.0,199,523.43087
1.0,199,523.430883
1.0,199,523.430892
1.0,199,524.02357
1.0,199,524.023636
1.0,199,524.023647
1.0,199,524.023655
1.0,199,524.613819
1.0,199,524.613879
1.0,199,524.613891
1.0,199,524.613899
1.0,199,525.194094
1.0,199,525.19416
1.0,199,525.194171
1.0,199,525.194181
1.0,199,525.784008
1.0,199,525.784076
1.0,199,525.784087
1.0,199,525.784096
1.0,199,526.370582
1.0,199,526.370646
1.0,199,526.370658
1.0,199,526.370666
1.0,199,526.958006
1.0,199,526.958088
1.0,199,526.9581
1.0,199,526.958108
1.0,199,527.547506
1.0,199,527.547576
1.0,199,527.547587
1.0,199,527.547596
1.0,199,528.127799
1.0,199,528.127864
1.0,199,528.127875
1.0,199,528.127884
1.0,199,528.706396
1.0,199,528.706456
1.0,199,528.706468
1.0,199,528.706477
1.0,199,529.299603
1.0,199,529.299671
1.0,199,529.299682
1.0,199,529.299691
1.0,199,529.880114
1.0,199,529.880182
1.0,199,529.880193
1.0,199,529.880201
1.0,199,530.463816
1.0,199,530.463879
1.0,199,530.46389
1.0,199,530.463898
1.0,199,531.042749
1.0,199,531.042812
1.0,199,531.042824
1.0,199,531.042832
1.0,199,531.621273
1.0,199,531.621339
1.0,199,531.62135
1.0,199,531.621359
1.0,199,532.21751
1.0,199,532.217577
1.0,199,532.217589
1.0,199,532.217598
1.0,199,532.80296
1.0,199,532.803028
1.0,199,532.803039
1.0,199,532.803047
1.0,199,533.382271
1.0,199,533.382337
1.0,199,533.382349
1.0,199,533.382357
1.0,199,533.971815
1.0,199,533.971877
1.0,199,533.971892
1.0,199,533.971901
1.0,199,534.564933
1.0,199,534.564999
1.0,199,534.565011
1.0,199,534.565019
1.0,199,535.155329
1.0,199,535.155396
1.0,199,535.155408
1.0,199,535.155418
1.0,199,535.738699
1.0,199,535.738767
1.0,199,535.738779
1.0,199,535.738787
1.0,199,536.323146
1.0,199,536.323213
1.0,199,536.323224
1.0,199,536.323232
1.0,199,536.912824
1.0,199,536.912888
1.0,199,536.9129
1.0,199,536.912909
1.0,199,537.563286
1.0,199,537.563349
1.0,199,537.563361
1.0,199,537.563369
1.0,199,538.226087
1.0,199,538.24232
1.0,199,538.242397
1.0,199,538.242416
1.0,199,538.86087
1.0,199,538.86094
1.0,199,538.860953
1.0,199,538.860963
1.0,199,539.464773
1.0,199,539.464851
1.0,199,539.46487
1.0,199,539.46488
1.0,199,540.067201
1.0,199,540.067263
1.0,199,540.067275
1.0,199,540.067284
1.0,199,540.667234
1.0,199,540.667296
1.0,199,540.667308
1.0,199,540.667316
1.0,199,541.268296
1.0,199,541.268359
1.0,199,541.26837
1.0,199,541.268382
1.0,199,541.70447
1.0,199,541.704537
1.0,199,541.704548
1.0,199,541.704557
1.0,199,542.310442
1.0,199,542.322809
1.0,199,542.32286
1.0,199,542.322871
1.0,199,542.92629
1.0,199,542.926374
1.0,199,542.92639
1.0,199,542.926398
1.0,199,543.524457
1.0,199,543.524523
1.0,199,543.524535
1.0,199,543.524544
1.0,199,544.132199
1.0,199,544.13226
1.0,199,544.132271
1.0,199,544.132279
1.0,199,544.723604
1.0,199,544.723678
1.0,199,544.723689
1.0,199,544.723697
1.0,199,545.330691
1.0,199,545.330756
1.0,199,545.330771
1.0,199,545.33078
1.0,199,545.920801
1.0,199,545.920871
1.0,199,545.920887
1.0,199,545.920895
1.0,199,546.529687
1.0,199,546.52975
1.0,199,546.529762
1.0,199,546.529771
1.0,199,547.154455
1.0,199,547.154526
1.0,199,547.154538
1.0,199,547.154547
1.0,199,547.756257
1.0,199,547.756325
1.0,199,547.756339
1.0,199,547.756347
1.0,199,548.360058
1.0,199,548.360124
1.0,199,548.360137
1.0,199,548.360145
1.0,199,548.942472
1.0,199,548.94255
1.0,199,548.942562
1.0,199,548.942571
1.0,199,549.541127
1.0,199,549.541187
1.0,199,549.541198
1.0,199,549.541207
1.0,199,550.134666
1.0,199,550.134727
1.0,199,550.134738
1.0,199,550.134747
1.0,199,550.722999
1.0,199,550.723068
1.0,199,550.723079
1.0,199,550.723089
1.0,199,551.300006
1.0,199,551.300077
1.0,199,551.300089
1.0,199,551.300098
1.0,199,551.891549
1.0,199,551.891627
1.0,199,551.891638
1.0,199,551.891647
1.0,199,552.490843
1.0,199,552.490915
1.0,199,552.490926
1.0,199,552.490935
1.0,199,553.082608
1.0,199,553.082672
1.0,199,553.082684
1.0,199,553.082692
1.0,199,553.671742
1.0,199,553.671814
1.0,199,553.671826
1.0,199,553.671834
1.0,199,554.26906
1.0,199,554.269123
1.0,199,554.269134
1.0,199,554.269143
1.0,199,554.858112
1.0,199,554.858179
1.0,199,554.858191
1.0,199,554.858199
1.0,199,555.462093
1.0,199,555.462167
1.0,199,555.462179
1.0,199,555.462188
1.0,199,556.062517
1.0,199,556.062577
1.0,199,556.062589
1.0,199,556.062597
1.0,199,556.660732
1.0,199,556.660799
1.0,199,556.660811
1.0,199,556.660819
1.0,199,557.256256
1.0,199,557.256317
1.0,199,557.256328
1.0,199,557.256336
1.0,199,557.84712
1.0,199,557.847184
1.0,199,557.847195
1.0,199,557.847203
1.0,199,558.437334
1.0,199,558.442841
1.0,199,558.442875
1.0,199,558.442885
1.0,199,559.033034
1.0,199,559.033099
1.0,199,559.033111
1.0,199,559.033119
1.0,199,559.623898
1.0,199,559.623961
1.0,199,559.623973
1.0,199,559.62398
1.0,199,560.217278
1.0,199,560.217339
1.0,199,560.21735
1.0,199,560.217359
1.0,199,560.820918
1.0,199,560.820983
1.0,199,560.820994
1.0,199,560.821002
1.0,199,561.421902
1.0,199,561.421963
1.0,199,561.421975
1.0,199,561.421984
1.0,199,562.021786
1.0,199,562.02186
1.0,199,562.021874
1.0,199,562.021882
1.0,199,562.626872
1.0,199,562.626932
1.0,199,562.626944
1.0,199,562.626953
1.0,199,563.229045
1.0,199,563.229113
1.0,199,563.229142
1.0,199,563.229161
1.0,199,563.827566
1.0,199,563.827628
1.0,199,563.827642
1.0,199,563.827651
1.0,199,564.426303
1.0,199,564.426385
1.0,199,564.426397
1.0,199,564.426407
1.0,199,565.018057
1.0,199,565.018127
1.0,199,565.018138
1.0,199,565.018148
1.0,199,565.604438
1.0,199,565.604503
1.0,199,565.604516
1.0,199,565.604525
1.0,199,566.193178
1.0,199,566.193246
1.0,199,566.193257
1.0,199,566.193266
1.0,199,566.780003
1.0,199,566.780076
1.0,199,566.780087
1.0,199,566.780095
1.0,199,567.364578
1.0,199,567.364644
1.0,199,567.364655
1.0,199,567.364663
1.0,199,567.959323
1.0,199,567.959384
1.0,199,567.959395
1.0,199,567.959404
1.0,199,568.534798
1.0,199,568.534857
1.0,199,568.534869
1.0,199,568.534878
1.0,199,569.118834
1.0,199,569.118897
1.0,199,569.118911
1.0,199,569.118919
1.0,199,569.707279
1.0,199,569.707344
1.0,199,569.707355
1.0,199,569.707363
1.0,199,570.286789
1.0,199,570.28685
1.0,199,570.286861
1.0,199,570.28687
1.0,199,570.869887
1.0,199,570.869956
1.0,199,570.869967
1.0,199,570.869975
1.0,199,571.459019
1.0,199,571.45908
1.0,199,571.459091
1.0,199,571.4591
5.0,199,572.040079
5.0,199,572.040141
1.0,199,572.040152
5.0,199,572.04016
3.0,199,572.624237
3.0,199,572.624297
1.0,199,572.624308
5.0,199,572.624316
1.0,199,573.245689
6.0,199,573.245754
1.0,199,573.245765
6.0,199,573.245774
6.0,199,573.824735
1.0,199,573.824796
2.0,199,573.824808
6.0,199,573.824817
5.0,199,574.409717
5.0,199,574.409788
5.0,199,574.4098
6.0,199,574.409809
6.0,199,575.000793
6.0,199,575.000857
7.0,199,575.000868
4.0,199,575.000877
5.0,199,575.609647
5.0,199,575.609721
5.0,199,575.609733
6.0,199,575.609741
8.0,199,576.239735
5.0,199,576.239796
6.0,199,576.239807
5.0,199,576.239816
5.0,199,576.835436
6.0,199,576.8355
5.0,199,576.835512
5.0,199,576.83552
5.0,199,577.429238
6.0,199,577.429285
7.0,199,577.429297
6.0,199,577.429305
6.0,199,578.025108
7.0,199,578.025172
7.0,199,578.025183
5.0,199,578.025192
5.0,199,578.609131
6.0,199,578.609189
6.0,199,578.6092
6.0,199,578.609208
5.0,199,579.190793
7.0,199,579.190869
6.0,199,579.190883
6.0,199,579.190891
7.0,199,579.777477
5.0,199,579.777542
5.0,199,579.777553
8.0,199,579.777561
6.0,199,580.367066
7.0,199,580.367132
7.0,199,580.367144
4.0,199,580.367152
7.0,199,580.944808
7.0,199,580.944875
7.0,199,580.944886
6.0,199,580.944898
7.0,199,581.536732
6.0,199,581.536802
6.0,199,581.536814
8.0,199,581.536823
7.0,199,582.130036
5.0,199,582.130095
6.0,199,582.130108
7.0,199,582.130117
6.0,199,582.7303
5.0,199,582.730368
5.0,199,582.73038
5.0,199,582.730389
5.0,199,583.318262
5.0,199,583.318331
7.0,199,583.318346
6.0,199,583.318356
9.0,199,583.898388
6.0,199,583.898457
7.0,199,583.89847
7.0,199,583.898482
7.0,199,584.489914
6.0,199,584.489976
6.0,199,584.489987
8.0,199,584.489995
7.0,199,585.083391
7.0,199,585.083452
6.0,199,585.083463
8.0,199,585.083472
6.0,199,585.672777
5.0,199,585.672847
7.0,199,585.672859
6.0,199,585.672868
5.0,199,586.258519
7.0,199,586.258585
6.0,199,586.258597
5.0,199,586.258605
6.0,199,586.843925
7.0,199,586.843991
5.0,199,586.844002
7.0,199,586.84401
4.0,199,587.437554
7.0,199,587.437628
5.0,199,587.43764
6.0,199,587.437649
7.0,199,588.033487
6.0,199,588.033549
5.0,199,588.03356
6.0,199,588.033568
5.0,199,588.624716
4.0,199,588.624784
4.0,199,588.624796
5.0,199,588.624805
5.0,199,589.213093
6.0,199,589.213151
4.0,199,589.213162
4.0,199,589.213171
6.0,199,589.815332
5.0,199,589.815403
5.0,199,589.815417
4.0,199,589.815427
7.0,199,590.411001
5.0,199,590.41106
5.0,199,590.411071
6.0,199,590.41108
5.0,199,590.996773
5.0,199,590.996838
6.0,199,590.996849
5.0,199,590.996858
6.0,199,591.584069
6.0,199,591.584136
7.0,199,591.584148
7.0,199,591.584157
6.0,199,592.171614
5.0,199,592.171683
5.0,199,592.171694
6.0,199,592.171703
4.0,199,592.757468
6.0,199,592.757529
5.0,199,592.757541
5.0,199,592.757549
6.0,199,593.332717
6.0,199,593.332793
5.0,199,593.332806
6.0,199,593.332815
5.0,199,593.929207
5.0,199,593.929275
5.0,199,593.929286
6.0,199,593.929294
7.0,199,594.517755
6.0,199,594.517819
5.0,199,594.517831
6.0,199,594.51784
6.0,199,595.108593
4.0,199,595.108659
5.0,199,595.10867
6.0,199,595.108679
7.0,199,595.703435
5.0,199,595.703499
6.0,199,595.703512
5.0,199,595.703521
6.0,199,596.297758
5.0,199,596.297827
4.0,199,596.297838
4.0,199,596.297847
4.0,199,596.890668
5.0,199,596.890745
5.0,199,596.890761
6.0,199,596.89077
5.0,199,597.470892
4.0,199,597.470954
5.0,199,597.470966
7.0,199,597.470975
5.0,199,598.058739
5.0,199,598.058803
5.0,199,598.058815
5.0,199,598.058824
4.0,199,598.642594
6.0,199,598.642662
5.0,199,598.642673
6.0,199,598.642681
5.0,199,599.232783
5.0,199,599.232862
6.0,199,599.232874
5.0,199,599.232882
5.0,199,599.841146
5.0,199,599.841214
5.0,199,599.841226
5.0,199,599.841235
5.0,199,600.444315
5.0,199,600.444375
4.0,199,600.444386
6.0,199,600.444395
5.0,199,601.03037
6.0,199,601.03044
5.0,199,601.030455
6.0,199,601.030463
5.0,199,601.614305
5.0,199,601.614377
5.0,199,601.614397
6.0,199,601.614406
5.0,199,602.209259
4.0,199,602.209332
5.0,199,602.209344
6.0,199,602.209353
5.0,199,602.800696
6.0,199,602.800768
6.0,199,602.80078
5.0,199,602.800789
5.0,199,603.386874
5.0,199,603.386933
6.0,199,603.386944
5.0,199,603.386952
5.0,199,603.980482
4.0,199,603.980664
6.0,199,603.980682
4.0,199,603.980691
5.0,199,604.570686
5.0,199,604.570761
4.0,199,604.570783
6.0,199,604.570792
5.0,199,605.15271
4.0,199,605.152775
4.0,199,605.152786
5.0,199,605.152794
5.0,199,605.745963
5.0,199,605.746026
5.0,199,605.746038
5.0,199,605.746046
4.0,199,606.326542
4.0,199,606.326608
4.0,199,606.326619
5.0,199,606.326627
5.0,199,606.907658
4.0,199,606.90773
5.0,199,606.907742
4.0,199,606.907754
4.0,199,607.505356
4.0,199,607.505421
4.0,199,607.505432
4.0,199,607.505441
4.0,199,608.102975
4.0,199,608.103036
4.0,199,608.103047
4.0,199,608.103056
4.0,199,608.698055
4.0,199,608.698118
4.0,199,608.698133
4.0,199,608.698142
5.0,199,609.303175
4.0,199,609.30324
5.0,199,609.303251
4.0,199,609.303259
4.0,199,609.903682
5.0,199,609.903739
4.0,199,609.903751
5.0,199,609.903759
4.0,199,610.511559
6.0,199,610.511621
5.0,199,610.511632
5.0,199,610.511641
5.0,199,611.126325
5.0,199,611.126385
5.0,199,611.126397
5.0,199,611.126405
6.0,199,611.7325
4.0,199,611.732559
5.0,199,611.732572
4.0,199,611.732581
5.0,199,612.328217
4.0,199,612.328279
4.0,199,612.32829
4.0,199,612.328299
4.0,199,612.935121
4.0,199,612.935194
5.0,199,612.935209
4.0,199,612.935218
6.0,199,613.533948
4.0,199,613.534014
5.0,199,613.534025
5.0,199,613.534034
4.0,199,614.129692
5.0,199,614.12977
4.0,199,614.129781
5.0,199,614.129789
4.0,199,614.707599
4.0,199,614.707663
2.0,199,614.707675
4.0,199,614.707684
5.0,199,615.291131
5.0,199,615.2912
4.0,199,615.291215
5.0,199,615.291224
4.0,199,615.885249
4.0,199,615.885314
4.0,199,615.885325
4.0,199,615.885333
4.0,199,616.468456
4.0,199,616.468514
4.0,199,616.468525
4.0,199,616.468534
4.0,199,617.056078
4.0,199,617.056147
5.0,199,617.056159
4.0,199,617.056168
5.0,199,617.649443
4.0,199,617.649512
5.0,199,617.649524
5.0,199,617.649533
5.0,199,618.253676
4.0,199,618.253739
4.0,199,618.253752
5.0,199,618.25376
4.0,199,618.847419
4.0,199,618.847482
5.0,199,618.847493
5.0,199,618.847504
4.0,199,619.432577
5.0,199,619.432647
4.0,199,619.432659
5.0,199,619.432667
4.0,199,620.03508
4.0,199,620.035147
5.0,199,620.035159
5.0,199,620.035167
4.0,199,620.63321
4.0,199,620.633271
6.0,199,620.633283
5.0,199,620.633291
5.0,199,621.234445
5.0,199,621.234507
5.0,199,621.234518
5.0,199,621.234527
3.0,199,621.835797
5.0,199,621.835855
4.0,199,621.835866
5.0,199,621.835874
5.0,199,622.432869
5.0,199,622.432939
5.0,199,622.432951
5.0,199,622.432959
4.0,199,623.034499
5.0,199,623.034562
5.0,199,623.034573
5.0,199,623.034581
6.0,199,623.628941
5.0,199,623.629006
5.0,199,623.629017
5.0,199,623.629026
5.0,199,624.222018
4.0,199,624.222087
5.0,199,624.2221
5.0,199,624.222109
5.0,199,624.809715
4.0,199,624.809786
4.0,199,624.809798
4.0,199,624.809806
5.0,199,625.385959
4.0,199,625.386028
4.0,199,625.386041
4.0,199,625.38605
5.0,199,625.981923
4.0,199,625.98199
4.0,199,625.982005
4.0,199,625.982013
4.0,199,626.568016
5.0,199,626.568079
5.0,199,626.568091
4.0,199,626.568099
5.0,199,627.153032
6.0,199,627.153093
4.0,199,627.153105
5.0,199,627.153114
4.0,199,627.751925
5.0,199,627.751984
5.0,199,627.751995
4.0,199,627.752004
5.0,199,628.355843
5.0,199,628.355903
5.0,199,628.355915
5.0,199,628.355923
5.0,199,628.949973
5.0,199,628.950035
5.0,199,628.950049
5.0,199,628.95006
5.0,199,629.533624
4.0,199,629.533688
5.0,199,629.533699
5.0,199,629.533707
5.0,199,630.127213
4.0,199,630.127277
5.0,199,630.127298
5.0,199,630.127307
5.0,199,630.718675
7.0,199,630.718749
5.0,199,630.718763
3.0,199,630.718771
4.0,199,631.303772
4.0,199,631.303836
5.0,199,631.303848
5.0,199,631.303856
5.0,199,631.90075
5.0,199,631.900812
5.0,199,631.900823
5.0,199,631.900832
4.0,199,632.492604
5.0,199,632.492675
5.0,199,632.492687
4.0,199,632.492695
4.0,199,633.076927
5.0,199,633.077003
4.0,199,633.077015
5.0,199,633.077024
5.0,199,633.661225
5.0,199,633.661287
5.0,199,633.661299
6.0,199,633.661307
4.0,199,634.266548
5.0,199,634.266612
4.0,199,634.266623
4.0,199,634.266632
5.0,199,634.863277
4.0,199,634.863337
5.0,199,634.863348
5.0,199,634.863357
5.0,199,635.465788
4.0,199,635.465852
4.0,199,635.465864
4.0,199,635.465872
5.0,199,636.05228
4.0,199,636.052349
4.0,199,636.05236
5.0,199,636.052369
4.0,199,636.642722
5.0,199,636.642782
5.0,199,636.642795
3.0,199,636.642803
4.0,199,637.242919
4.0,199,637.242987
4.0,199,637.242999
4.0,199,637.243008
4.0,199,637.825988
4.0,199,637.82606
4.0,199,637.826072
6.0,199,637.826081
5.0,199,638.41815
4.0,199,638.41822
4.0,199,638.418234
4.0,199,638.418243
4.0,199,639.011084
6.0,199,639.011147
6.0,199,639.011158
4.0,199,639.011167
3.0,199,639.606192
4.0,199,639.606258
3.0,199,639.60627
4.0,199,639.606279
5.0,199,640.216558
4.0,199,640.216619
4.0,199,640.216631
5.0,199,640.216639
4.0,199,640.819731
4.0,199,640.819792
3.0,199,640.819805
4.0,199,640.819813
6.0,199,641.426367
6.0,199,641.426433
5.0,199,641.426445
6.0,199,641.426454
4.0,199,642.010596
5.0,199,642.013573
4.0,199,642.013618
6.0,199,642.013633
5.0,199,642.59804
6.0,199,642.598105
4.0,199,642.598117
6.0,199,642.598127
6.0,199,643.186874
5.0,199,643.186935
5.0,199,643.186946
5.0,199,643.186954
6.0,199,643.775781
6.0,199,643.77584
6.0,199,643.775851
6.0,199,643.775859
6.0,199,644.371324
6.0,199,644.371395
6.0,199,644.371409
6.0,199,644.371417
5.0,199,644.951387
5.0,199,644.951458
5.0,199,644.951469
6.0,199,644.951477
7.0,199,645.539765
6.0,199,645.539831
5.0,199,645.539842
6.0,199,645.53985
6.0,199,646.129139
6.0,199,646.129208
5.0,199,646.129219
5.0,199,646.129228
5.0,199,646.716594
4.0,199,646.716663
5.0,199,646.716674
5.0,199,646.716683
4.0,199,647.30246
5.0,199,647.302526
6.0,199,647.302538
6.0,199,647.302547
4.0,199,647.901672
3.0,199,647.901735
5.0,199,647.901746
5.0,199,647.901754
5.0,199,648.504791
4.0,199,648.504864
5.0,199,648.504877
5.0,199,648.504887
4.0,199,649.093007
4.0,199,649.093071
3.0,199,649.093082
4.0,199,649.093091
4.0,199,649.67647
3.0,199,649.676539
4.0,199,649.676551
5.0,199,649.676559
4.0,199,650.272985
5.0,199,650.273049
4.0,199,650.273061
4.0,199,650.27307
3.0,199,650.878836
5.0,199,650.878905
4.0,199,650.878916
4.0,199,650.878924
3.0,199,651.48251
2.0,199,651.482574
3.0,199,651.482586
3.0,199,651.482595
2.0,199,652.070317
4.0,199,652.070376
4.0,199,652.070388
2.0,199,652.070397
2.0,199,652.658463
3.0,199,652.658553
2.0,199,652.658567
2.0,199,652.658576
3.0,199,653.248459
3.0,199,653.248521
2.0,199,653.248533
4.0,199,653.248541
2.0,199,653.841685
3.0,199,653.841754
3.0,199,653.841765
2.0,199,653.841774
2.0,199,654.440122
3.0,199,654.440191
1.0,199,654.440204
5.0,199,654.440213
3.0,199,655.040816
3.0,199,655.040881
2.0,199,655.040896
3.0,199,655.040904
3.0,199,655.628155
3.0,199,655.628219
3.0,199,655.628231
3.0,199,655.628239
2.0,199,656.232651
3.0,199,656.232714
3.0,199,656.232725
2.0,199,656.232738
3.0,199,656.819922
2.0,199,656.819986
2.0,199,656.819998
3.0,199,656.820008
2.0,199,657.407908
2.0,199,657.40797
3.0,199,657.407982
2.0,199,657.40799
2.0,199,658.003769
3.0,199,658.004616
2.0,199,658.004656
2.0,199,658.004667
3.0,199,658.585802
2.0,199,658.585873
3.0,199,658.585884
2.0,199,658.585893
4.0,199,659.164981
2.0,199,659.165049
3.0,199,659.16506
2.0,199,659.165069
2.0,199,659.745141
2.0,199,659.745201
1.0,199,659.745212
2.0,199,659.745221
1.0,199,660.163554
2.0,199,660.163617
2.0,199,660.163628
3.0,199,660.163637
3.0,199,660.748559
2.0,199,660.748628
3.0,199,660.748643
1.0,199,660.748652
3.0,199,661.338643
1.0,199,661.338702
1.0,199,661.338713
2.0,199,661.338722
3.0,199,661.921258
2.0,199,661.921324
2.0,199,661.921336
1.0,199,661.921344
2.0,199,662.51343
2.0,199,662.513494
3.0,199,662.513506
2.0,199,662.513515
1.0,199,663.107625
4.0,199,663.107706
3.0,199,663.107718
1.0,199,663.10773
1.0,199,663.732983
1.0,199,663.733084
2.0,199,663.733099
2.0,199,663.733108
1.0,199,664.364969
4.0,199,664.36503
1.0,199,664.365041
2.0,199,664.36505
2.0,199,665.156842
1.0,199,665.156894
2.0,199,665.156907
2.0,199,665.156916
